"ID","Description","GeneRatio","BgRatio","pvalue","p.adjust","qvalue","geneID","Count"
"GO:0007264","small GTPase mediated signal transduction","10/52","502/18723",1.01064736132678e-06,0.0015624608206112,0.00135001210686703,"376267/2782/81848/57221/1795/11261/55379/84033/10776/2149",10
"GO:0051056","regulation of small GTPase mediated signal transduction","7/52","302/18723",1.90364818675991e-05,0.0147152004836541,0.0127143660473596,"81848/57221/1795/55379/84033/10776/2149",7
"GO:0007265","Ras protein signal transduction","7/52","337/18723",3.83708791178318e-05,0.0197737930387226,0.017085138807203,"376267/2782/81848/57221/55379/10776/2149",7
"GO:0051640","organelle localization","8/52","521/18723",8.72905175661844e-05,0.0337377850393303,0.0291504386293389,"376267/3798/23208/1778/372/9846/7345/11261",8
