"ID","Description","GeneRatio","BgRatio","pvalue","p.adjust","qvalue","geneID","Count"
"GO:0071407","cellular response to organic cyclic compound","6/24","586/18723",7.61893510372298e-05,0.042356265874653,0.0339031185039969,"23462/7804/26508/3728/1050/610",6
"GO:0061314","Notch signaling involved in heart development","2/24","11/18723",8.60025703038639e-05,0.042356265874653,0.0339031185039969,"23462/26508",2
