"ID","Description","GeneRatio","BgRatio","pvalue","p.adjust","qvalue","geneID","Count"
"GO:0086010","membrane depolarization during action potential","4/74","36/18723",1.20323299675496e-05,0.0254122808914648,0.0223168056871815,"610/8912/6334/6329",4
"GO:0051049","regulation of transport","19/74","1759/18723",3.81811629470573e-05,0.0326462939715603,0.0286696421341155,"55638/4868/1000/23704/610/8912/7323/10938/9572/6334/5901/91543/6469/2922/684/6329/27230/482/9943",19
"GO:0048699","generation of neurons","17/74","1514/18723",6.68192403989031e-05,0.0326462939715603,0.0286696421341155,"23462/26508/26227/4009/1000/4884/7804/26012/10938/7345/9742/9572/2288/84623/6469/7408/482",17
"GO:0030182","neuron differentiation","16/74","1363/18723",6.7776474596534e-05,0.0326462939715603,0.0286696421341155,"23462/26508/26227/4009/1000/4884/7804/26012/10938/7345/9742/2288/84623/6469/7408/482",16
"GO:0031175","neuron projection development","13/74","963/18723",9.17025676767568e-05,0.0326462939715603,0.0286696421341155,"26227/4009/1000/4884/7804/26012/10938/7345/2288/84623/6469/7408/482",13
"GO:0048666","neuron development","14/74","1104/18723",9.27451533282963e-05,0.0326462939715603,0.0286696421341155,"26227/4009/1000/4884/7804/26012/10938/7345/9742/2288/84623/6469/7408/482",14
"GO:0022008","neurogenesis","17/74","1632/18723",0.000167810322434509,0.0498771459146427,0.0438016004294261,"23462/26508/26227/4009/1000/4884/7804/26012/10938/7345/9742/9572/2288/84623/6469/7408/482",17
"GO:0001508","action potential","5/74","134/18723",0.00018892858301001,0.0498771459146427,0.0438016004294261,"23704/610/8912/6334/6329",5
