"ID","Description","GeneRatio","BgRatio","pvalue","p.adjust","qvalue","geneID","Count"
"GO:0030330","DNA damage response, signal transduction by p53 class mediator","4/41","72/18723",1.82791357923123e-05,0.0277684662543703,0.0217111724106776,"4193/144455/25946/55367",4
"GO:2000134","negative regulation of G1/S transition of mitotic cell cycle","4/41","84/18723",3.36387843326557e-05,0.0277684662543703,0.0217111724106776,"4193/144455/138151/55367",4
"GO:1902807","negative regulation of cell cycle G1/S phase transition","4/41","93/18723",5.01839751585006e-05,0.0277684662543703,0.0217111724106776,"4193/144455/138151/55367",4
"GO:0008544","epidermis development","6/41","324/18723",6.91924576637568e-05,0.0287148699304591,0.02245113165774,"4909/4851/26154/488/8549/64434",6
"GO:0006887","exocytosis","6/41","352/18723",0.000109165436772441,0.0362429250084505,0.0283370491664042,"4851/26154/488/116841/100431172/84958",6
"GO:0045055","regulated exocytosis","5/41","230/18723",0.000139955928226354,0.0387211401426247,0.0302746771058061,"4851/26154/488/116841/100431172",5
"GO:0045668","negative regulation of osteoblast differentiation","3/41","51/18723",0.000188677572199169,0.0447435385500887,0.0349833754167783,"4851/374/9759",3
