"ID","Description","GeneRatio","BgRatio","pvalue","p.adjust","qvalue","geneID","Count"
"GO:2000134","negative regulation of G1/S transition of mitotic cell cycle","4/34","84/18723",1.5777197898882e-05,0.0177356416521967,0.013849662389046,"144455/4193/138151/55367",4
"GO:1902807","negative regulation of cell cycle G1/S phase transition","4/34","93/18723",2.36003215598094e-05,0.0177356416521967,0.013849662389046,"144455/4193/138151/55367",4
