"ID","Description","GeneRatio","BgRatio","pvalue","p.adjust","qvalue","geneID","Count"
"GO:0086010","membrane depolarization during action potential","4/62","36/18723",5.93000661584399e-06,0.00927259960929091,0.00788477596966326,"610/8912/6334/6329",4
"GO:0051049","regulation of transport","18/62","1759/18723",9.79155185775176e-06,0.00927259960929091,0.00788477596966326,"55638/1000/23704/610/8912/7323/10938/9094/9572/6334/91543/6469/2922/684/6329/482/9943/388581",18
