"ID","Description","GeneRatio","BgRatio","pvalue","p.adjust","qvalue","geneID","Count"
"GO:0019228","neuronal action potential","3/25","32/18723",1.01671848722465e-05,0.00653377529099913,0.00552668962584513,"6329/6334/8912",3
"GO:0086010","membrane depolarization during action potential","3/25","36/18723",1.45843198459802e-05,0.00653377529099913,0.00552668962584513,"6329/6334/8912",3
"GO:0019226","transmission of nerve impulse","3/25","69/18723",0.000103954217202509,0.0310476595378161,0.0262621180301076,"6329/6334/8912",3
"GO:0051899","membrane depolarization","3/25","83/18723",0.000180065854164219,0.0403347513327851,0.0341177407890099,"6329/6334/8912",3
