"ID","Description","GeneRatio","BgRatio","pvalue","p.adjust","qvalue","geneID","Count"
"GO:0006182","cGMP biosynthetic process","2/25","11/18723",9.34510944608419e-05,0.0491552756864029,0.0376263617171285,"2982/4880",2
"GO:0061314","Notch signaling involved in heart development","2/25","11/18723",9.34510944608419e-05,0.0491552756864029,0.0376263617171285,"23462/26508",2
