"ID","Description","GeneRatio","BgRatio","pvalue","p.adjust","qvalue","geneID","Count"
"GO:0008544","epidermis development","7/50","324/18723",2.29712194278755e-05,0.0428413242329878,0.0337314222125119,"4909/26154/4851/488/8549/64434/1969",7
