"ID","Description","GeneRatio","BgRatio","pvalue","p.adjust","qvalue","geneID","Count"
"GO:0030330","DNA damage response, signal transduction by p53 class mediator","5/65","72/18723",5.04228560400065e-06,0.0108207449061854,0.00878949995813166,"25946/144455/4193/55367/83667",5
"GO:0042770","signal transduction in response to DNA damage","6/65","172/18723",2.90465919477432e-05,0.0311669931599284,0.0253163980344541,"25946/144455/1112/4193/55367/83667",6
