"ID","Description","GeneRatio","BgRatio","pvalue","p.adjust","qvalue","geneID","Count"
"GO:0061061","muscle structure development","11/68","636/18723",1.68020402271157e-05,0.0353514926378513,0.0311456766736323,"4842/23462/26508/1134/84033/10938/4868/6469/1000/10290/27230",11
"GO:0042692","muscle cell differentiation","8/68","384/18723",7.35079119862972e-05,0.0468594973853025,0.0412845581826685,"4842/23462/84033/10938/4868/6469/1000/10290",8
"GO:0048699","generation of neurons","16/68","1514/18723",7.99621436045857e-05,0.0468594973853025,0.0412845581826685,"4884/4009/23462/23017/26508/6929/26227/26012/7804/10938/6469/1000/9742/4744/5015/9572",16
"GO:0030182","neuron differentiation","15/68","1363/18723",8.9086496930233e-05,0.0468594973853025,0.0412845581826685,"4884/4009/23462/23017/26508/6929/26227/26012/7804/10938/6469/1000/9742/4744/5015",15
