"ID","Description","GeneRatio","BgRatio","pvalue","p.adjust","qvalue","geneID","Count"
"GO:0030330","DNA damage response, signal transduction by p53 class mediator","5/58","72/18723",2.85614223738928e-06,0.00558090193185866,0.00452773706264027,"144455/4193/25946/83667/55367",5
"GO:0045595","regulation of cell differentiation","15/58","1554/18723",5.55155073752789e-05,0.0400141528084876,0.0324631331840663,"4909/26154/4851/54897/374/5613/84959/4193/814/2784/2817/25946/4775/55502/9759",15
"GO:0008544","epidermis development","7/58","324/18723",6.14342161849861e-05,0.0400141528084876,0.0324631331840663,"4909/26154/4851/488/8549/64434/1969",7
