"ID","Description","GeneRatio","BgRatio","pvalue","p.adjust","qvalue","geneID","Count"
"GO:0030330","DNA damage response, signal transduction by p53 class mediator","5/68","72/18723",6.30682544715483e-06,0.0136479702676431,0.0111664004232783,"144455/25946/4193/83667/55367",5
"GO:2000134","negative regulation of G1/S transition of mitotic cell cycle","5/68","84/18723",1.34558605560519e-05,0.0145592411216482,0.0119119776080417,"138151/144455/5925/4193/55367",5
"GO:1902807","negative regulation of cell cycle G1/S phase transition","5/68","93/18723",2.20884610260389e-05,0.0159331432201161,0.013036067173964,"138151/144455/5925/4193/55367",5
"GO:0042770","signal transduction in response to DNA damage","6/68","172/18723",3.76253141152066e-05,0.0203520242425374,0.0166514762019398,"144455/1112/25946/4193/83667/55367",6
"GO:1901991","negative regulation of mitotic cell cycle phase transition","6/68","179/18723",4.70240855881179e-05,0.0203520242425374,0.0166514762019398,"138151/144455/5925/1112/4193/55367",6
