"ID","Description","GeneRatio","BgRatio","pvalue","p.adjust","qvalue","geneID","Count"
"GO:0099536","synaptic signaling","11/60","748/18723",2.20225293653206e-05,0.0398167330924996,0.0351201389352218,"4842/55638/26012/1000/5179/1134/3164/3838/148281/2043/9381",11
