"ID","Description","GeneRatio","BgRatio","pvalue","p.adjust","qvalue","geneID","Count"
"GO:0050808","synapse organization","10/80","426/18723",1.33041094273291e-05,0.0268343887149227,0.0238073537120625,"7804/816/3371/1821/7846/57633/55638/84623/9806/8497",10
