"ID","Description","GeneRatio","BgRatio","pvalue","p.adjust","qvalue","geneID","Count"
"GO:0030330","DNA damage response, signal transduction by p53 class mediator","5/66","72/18723",5.43935514750651e-06,0.011738128408319,0.00941294722368495,"4193/144455/25946/55367/83667",5
"GO:2000134","negative regulation of G1/S transition of mitotic cell cycle","5/66","84/18723",1.16174121963737e-05,0.0125351877598872,0.0100521187635991,"4193/144455/138151/55367/5925",5
"GO:1902807","negative regulation of cell cycle G1/S phase transition","5/66","93/18723",1.90857356872244e-05,0.0137290058710101,0.0110094559543147,"4193/144455/138151/55367/5925",5
"GO:0042770","signal transduction in response to DNA damage","6/66","172/18723",3.17100892279414e-05,0.0171075931384744,0.0137187859712462,"4193/144455/25946/55367/1112/83667",6
"GO:1901991","negative regulation of mitotic cell cycle phase transition","6/66","179/18723",3.96563839477202e-05,0.017115695311836,0.0137252832021162,"4193/144455/138151/55367/5925/1112",6
"GO:0008544","epidermis development","7/66","324/18723",0.000141402600523132,0.0444227478180325,0.0356231390726528,"4909/4851/26154/488/8549/1969/64434",7
"GO:2000045","regulation of G1/S transition of mitotic cell cycle","5/66","142/18723",0.000144096030920402,0.0444227478180325,0.0356231390726528,"4193/144455/138151/55367/5925",5
"GO:0045930","negative regulation of mitotic cell cycle","6/66","235/18723",0.000177711736903619,0.0479377410297512,0.038441854667046,"4193/144455/138151/55367/5925/1112",6
