"ID","Description","GeneRatio","BgRatio","pvalue","p.adjust","qvalue","geneID","Count"
"GO:0030330","DNA damage response, signal transduction by p53 class mediator","5/54","72/18723",1.99491460645446e-06,0.00385218010506357,0.0030658687636037,"144455/4193/25946/83667/55367",5
"GO:0045595","regulation of cell differentiation","15/54","1554/18723",2.21574923622163e-05,0.0213930588757199,0.0170262836046504,"4909/26154/4851/54897/374/5613/84959/4193/814/2784/2817/25946/4775/55502/9759",15
"GO:0008544","epidermis development","7/54","324/18723",3.83891557801655e-05,0.0247098199371665,0.0196660236628216,"4909/26154/4851/488/8549/64434/1969",7
"GO:2000134","negative regulation of G1/S transition of mitotic cell cycle","4/54","84/18723",0.000100493898725668,0.0384377410914933,0.030591786090425,"144455/138151/4193/55367",4
"GO:0072331","signal transduction by p53 class mediator","5/54","163/18723",0.000105389622461669,0.0384377410914933,0.030591786090425,"144455/4193/25946/83667/55367",5
"GO:0042770","signal transduction in response to DNA damage","5/54","172/18723",0.000135647929246168,0.0384377410914933,0.030591786090425,"144455/4193/25946/83667/55367",5
"GO:1902807","negative regulation of cell cycle G1/S phase transition","4/54","93/18723",0.000149179817443524,0.0384377410914933,0.030591786090425,"144455/138151/4193/55367",4
"GO:0006109","regulation of carbohydrate metabolic process","5/54","178/18723",0.000159244913895363,0.0384377410914933,0.030591786090425,"51085/5208/2784/83667/9759",5
