"ID","Description","GeneRatio","BgRatio","pvalue","p.adjust","qvalue","geneID","Count"
"GO:0051049","regulation of transport","26/104","1759/18723",2.64440980445215e-06,0.00617205248359133,0.0056646041600633,"4868/4842/55638/1000/9783/8912/23704/9094/10938/5901/610/2922/148281/6334/388581/91543/482/684/4744/27230/9572/6342/4600/3092/7323/773",26
