"ID","Description","GeneRatio","BgRatio","pvalue","p.adjust","qvalue","geneID","Count"
"GO:0072073","kidney epithelium development","4/32","136/18723",8.17849844019863e-05,0.0425834459225579,0.0317312374265704,"26508/4868/2043/6469",4
"GO:0061098","positive regulation of protein tyrosine kinase activity","3/32","55/18723",0.00011200233869145,0.0425834459225579,0.0317312374265704,"9094/7804/2043",3
"GO:0001822","kidney development","5/32","293/18723",0.000129164339761601,0.0425834459225579,0.0317312374265704,"26508/4868/2043/8516/6469",5
"GO:0042063","gliogenesis","5/32","301/18723",0.000146502321307509,0.0425834459225579,0.0317312374265704,"26227/7804/2043/6469/1000",5
"GO:0072001","renal system development","5/32","302/18723",0.000148789119226268,0.0425834459225579,0.0317312374265704,"26508/4868/2043/8516/6469",5
