"ID","Description","GeneRatio","BgRatio","pvalue","p.adjust","qvalue","geneID","Count"
"GO:0007520","myoblast fusion","3/28","42/18723",3.30685432058406e-05,0.023247958466137,0.018528448100831,"4868/10938/8912",3
"GO:0000768","syncytium formation by plasma membrane fusion","3/28","55/18723",7.45938152710956e-05,0.023247958466137,0.018528448100831,"4868/10938/8912",3
"GO:0140253","cell-cell fusion","3/28","55/18723",7.45938152710956e-05,0.023247958466137,0.018528448100831,"4868/10938/8912",3
"GO:0006949","syncytium formation","3/28","57/18723",8.30284230933463e-05,0.023247958466137,0.018528448100831,"4868/10938/8912",3
"GO:0051049","regulation of transport","10/28","1759/18723",0.00014045385455654,0.031461663420665,0.0250747091924097,"4868/9783/10938/55638/23704/1000/610/91543/8912/9572",10
"GO:0051046","regulation of secretion","6/28","620/18723",0.000260091981565976,0.0485505032256488,0.0386943860294645,"4868/9783/55638/91543/8912/9572",6
