"ID","Description","GeneRatio","BgRatio","pvalue","p.adjust","qvalue","geneID","Count"
"GO:0042063","gliogenesis","8/60","301/18723",5.03575898890108e-06,0.00472935975267117,0.00411734944094949,"1000/10397/26227/2043/6469/9572/482/9334",8
"GO:0086010","membrane depolarization during action potential","4/60","36/18723",5.19785668260501e-06,0.00472935975267117,0.00411734944094949,"6329/6334/610/8912",4
"GO:0010001","glial cell differentiation","7/60","225/18723",7.41278958098929e-06,0.00472935975267117,0.00411734944094949,"1000/10397/26227/2043/6469/9572/9334",7
"GO:0051049","regulation of transport","17/60","1759/18723",2.44539767355053e-05,0.0117012278679393,0.0101870118874487,"1000/6329/4868/5901/6334/10938/610/91543/3092/8912/6469/6342/9572/388581/482/4600/2922",17
"GO:0021782","glial cell development","5/60","116/18723",3.48345265762938e-05,0.0133346567734053,0.0116090643305838,"10397/26227/6469/9572/9334",5
"GO:0031175","neuron projection development","12/60","963/18723",4.5445967044891e-05,0.0144972634873202,0.0126212220758004,"4009/1000/26227/26012/10938/2043/6469/84623/5396/482/23768/9334",12
"GO:0051899","membrane depolarization","4/60","83/18723",0.000144934810086599,0.0347502899301504,0.0302533734584107,"6329/6334/610/8912",4
"GO:0019228","neuronal action potential","3/60","32/18723",0.000145246770867922,0.0347502899301504,0.0302533734584107,"6329/6334/8912",3
"GO:0048666","neuron development","12/60","1104/18723",0.000167244610946146,0.0355673539278804,0.0309647039915496,"4009/1000/26227/26012/10938/2043/6469/84623/5396/482/23768/9334",12
