"ID","Description","GeneRatio","BgRatio","pvalue","p.adjust","qvalue","geneID","Count"
"GO:0086010","membrane depolarization during action potential","3/22","36/18723",9.80395214062934e-06,0.00542068677815534,0.00463119850475108,"6329/6334/610",3
"GO:0001508","action potential","4/22","134/18723",1.66024097340133e-05,0.00542068677815534,0.00463119850475108,"6329/23704/6334/610",4
"GO:0051899","membrane depolarization","3/22","83/18723",0.000121728515523446,0.02649624021227,0.0226372327113776,"6329/6334/610",3
