"ID","Description","GeneRatio","BgRatio","pvalue","p.adjust","qvalue","geneID","Count"
"GO:0099536","synaptic signaling","11/42","748/18723",5.29814260864558e-07,0.000717368509210612,0.000596180468278119,"4884/4842/9094/26012/9783/9381/1134/1000/148281/3838/5179",11
"GO:0099537","trans-synaptic signaling","10/42","724/18723",3.36324793522684e-06,0.00227691885214857,0.00189226949618815,"4884/4842/9094/26012/9783/9381/1134/1000/148281/5179",10
"GO:0007268","chemical synaptic transmission","9/42","716/18723",2.38700966823552e-05,0.00808002772697723,0.00671503509300992,"4884/9094/26012/9783/9381/1134/1000/148281/5179",9
"GO:0098916","anterograde trans-synaptic signaling","9/42","716/18723",2.38700966823552e-05,0.00808002772697723,0.00671503509300992,"4884/9094/26012/9783/9381/1134/1000/148281/5179",9
"GO:0007267","cell-cell signaling","12/42","1641/18723",0.000181011142452993,0.0490178173762704,0.0407370339541577,"4884/4842/9094/26012/9783/9381/1134/1000/148281/3838/610/5179",12
