"ID","Description","GeneRatio","BgRatio","pvalue","p.adjust","qvalue","geneID","Count"
"GO:0030330","DNA damage response, signal transduction by p53 class mediator","5/58","72/18723",2.85614223738928e-06,0.00576940731952635,0.00456682111430981,"4193/144455/25946/55367/83667",5
"GO:0042770","signal transduction in response to DNA damage","6/58","172/18723",1.5009163854396e-05,0.0151592554929399,0.0119994315235934,"4193/144455/25946/55367/1112/83667",6
"GO:0008544","epidermis development","7/58","324/18723",6.14342161849861e-05,0.0413657055645573,0.0327433594333312,"4909/4851/26154/488/8549/1969/64434",7
