"ID","Description","GeneRatio","BgRatio","pvalue","p.adjust","qvalue","geneID","Count"
"GO:0086010","membrane depolarization during action potential","3/23","36/18723",1.12596517146803e-05,0.00681535504545377,0.00594331779700784,"6329/6334/610",3
"GO:0001508","action potential","4/23","134/18723",1.99863784324157e-05,0.00681535504545377,0.00594331779700784,"6329/23704/6334/610",4
"GO:0051899","membrane depolarization","3/23","83/18723",0.000139540592493561,0.0317222280268694,0.0276633104417059,"6329/6334/610",3
