"ID","Description","GeneRatio","BgRatio","pvalue","p.adjust","qvalue","geneID","Count"
"GO:0006182","cGMP biosynthetic process","3/53","11/18723",3.47785933135357e-06,0.00561674282013601,0.00487266396845432,"2982/4880/2977",3
"GO:0046068","cGMP metabolic process","3/53","17/18723",1.41617487774259e-05,0.0114356121377714,0.00992067769618626,"2982/4880/2977",3
"GO:0009190","cyclic nucleotide biosynthetic process","3/53","22/18723",3.17527120420713e-05,0.0128201574869863,0.0111218051915781,"2982/4880/2977",3
"GO:0052652","cyclic purine nucleotide metabolic process","3/53","22/18723",3.17527120420713e-05,0.0128201574869863,0.0111218051915781,"2982/4880/2977",3
