"ID","Description","GeneRatio","BgRatio","pvalue","p.adjust","qvalue","geneID","Count"
"GO:0045055","regulated exocytosis","5/22","230/18723",5.94733372998328e-06,0.00774342851643823,0.00553415054453181,"26154/116841/4851/100431172/488",5
"GO:0006887","exocytosis","5/22","352/18723",4.619841911345e-05,0.0224432776086427,0.0160399849672893,"26154/116841/4851/100431172/488",5
"GO:0007267","cell-cell signaling","9/22","1641/18723",5.17126212180707e-05,0.0224432776086427,0.0160399849672893,"57537/26154/4909/116841/4851/374/6330/117247/488",9
