"ID","Description","GeneRatio","BgRatio","pvalue","p.adjust","qvalue","geneID","Count"
"GO:0007010","cytoskeleton organization","14/53","1419/18723",2.79684214335299e-05,0.0386523584211383,0.0345925212467343,"163782/122060/84033/11075/6867/23092/287/55561/6711/57556/9026/1641/4744/79187",14
