"ID","Description","GeneRatio","BgRatio","pvalue","p.adjust","qvalue","geneID","Count"
"GO:0071248","cellular response to metal ion","7/64","197/18723",4.80061742393287e-06,0.00878032926837321,0.007787106789769,"4494/1050/8912/8437/6469/7323/5743",7
"GO:0071241","cellular response to inorganic substance","7/64","226/18723",1.17824439442988e-05,0.0107750449870613,0.00955618216745498,"4494/1050/8912/8437/6469/7323/5743",7
"GO:0010226","response to lithium ion","3/64","24/18723",7.32448222157922e-05,0.0446549266108946,0.0396036038717669,"1050/6469/5743",3
