"ID","Description","GeneRatio","BgRatio","pvalue","p.adjust","qvalue","geneID","Count"
"GO:0061314","Notch signaling involved in heart development","2/19","11/18723",5.33696699842094e-05,0.0356414756609117,0.0279573680427892,"23462/26508",2
"GO:0003184","pulmonary valve morphogenesis","2/19","17/18723",0.000131490212354813,0.0356414756609117,0.0279573680427892,"23462/26508",2
"GO:0003177","pulmonary valve development","2/19","21/18723",0.000202545436464772,0.0356414756609117,0.0279573680427892,"23462/26508",2
"GO:0003181","atrioventricular valve morphogenesis","2/19","24/18723",0.000265719750822655,0.0356414756609117,0.0279573680427892,"23462/26508",2
"GO:0003171","atrioventricular valve development","2/19","27/18723",0.000337313360237617,0.0356414756609117,0.0279573680427892,"23462/26508",2
"GO:0044331","cell-cell adhesion mediated by cadherin","2/19","28/18723",0.00036304082827644,0.0356414756609117,0.0279573680427892,"8728/1000",2
"GO:0061311","cell surface receptor signaling pathway involved in heart development","2/19","30/18723",0.000417279876450767,0.0356414756609117,0.0279573680427892,"23462/26508",2
"GO:0003180","aortic valve morphogenesis","2/19","32/18723",0.000475219675478823,0.0356414756609117,0.0279573680427892,"23462/26508",2
"GO:0060317","cardiac epithelial to mesenchymal transition","2/19","32/18723",0.000475219675478823,0.0356414756609117,0.0279573680427892,"23462/26508",2
"GO:0003203","endocardial cushion morphogenesis","2/19","36/18723",0.000602146971404747,0.039037734190125,0.0306214117701877,"23462/26508",2
"GO:0003176","aortic valve development","2/19","37/18723",0.000636170483098333,0.039037734190125,0.0306214117701877,"23462/26508",2
"GO:0060412","ventricular septum morphogenesis","2/19","40/18723",0.000743713958199458,0.0405716779884145,0.0318246456579688,"23462/26508",2
"GO:1905314","semi-lunar valve development","2/19","41/18723",0.000781380464962057,0.0405716779884145,0.0318246456579688,"23462/26508",2
"GO:0003197","endocardial cushion development","2/19","45/18723",0.000941094978658935,0.0435340148882701,0.0341483188909159,"23462/26508",2
"GO:0045664","regulation of neuron differentiation","3/19","196/18723",0.000967422553072668,0.0435340148882701,0.0341483188909159,"23462/26508/4009",3
