"ID","Description","GeneRatio","BgRatio","pvalue","p.adjust","qvalue","geneID","Count"
"GO:0008544","epidermis development","7/48","324/18723",1.74418796440619e-05,0.0322674773415146,0.0251897461806874,"4909/26154/4851/488/8549/64434/1969",7
"GO:1902229","regulation of intrinsic apoptotic signaling pathway in response to DNA damage","3/48","36/18723",0.00010639204198219,0.0473174130847475,0.036938543813527,"138151/25946/598",3
"GO:0008630","intrinsic apoptotic signaling pathway in response to DNA damage","4/48","99/18723",0.000119705202411331,0.0473174130847475,0.036938543813527,"138151/25946/598/1969",4
"GO:0002027","regulation of heart rate","4/48","103/18723",0.000139543385964405,0.0473174130847475,0.036938543813527,"488/4193/6330/9722",4
"GO:0009888","tissue development","14/48","1870/18723",0.000171288248236424,0.0473174130847475,0.036938543813527,"4909/26154/374/4851/144455/342184/488/8549/4193/9759/64434/2817/5613/1969",14
"GO:0060562","epithelial tube morphogenesis","6/48","325/18723",0.000173471197966301,0.0473174130847475,0.036938543813527,"374/4851/342184/8549/5613/1969",6
"GO:0008016","regulation of heart contraction","5/48","206/18723",0.000179038860320666,0.0473174130847475,0.036938543813527,"488/4193/6330/9759/9722",5
