"ID","Description","GeneRatio","BgRatio","pvalue","p.adjust","qvalue","geneID","Count"
"GO:0007267","cell-cell signaling","12/32","1641/18723",8.44312548316549e-06,0.00992911556820262,0.00694113789721289,"5608/287/6857/6854/65268/2563/2890/55636/1952/2782/1363/4131",12
"GO:1901381","positive regulation of potassium ion transmembrane transport","3/32","43/18723",5.34250765303869e-05,0.0241922988721491,0.0169120886315328,"287/3757/65268",3
"GO:0043268","positive regulation of potassium ion transport","3/32","50/18723",8.41631723707249e-05,0.0241922988721491,0.0169120886315328,"287/3757/65268",3
"GO:0043270","positive regulation of ion transport","5/32","275/18723",9.59212995967266e-05,0.0241922988721491,0.0169120886315328,"5608/287/6857/3757/65268",5
"GO:0051050","positive regulation of transport","8/32","899/18723",0.000102858413572062,0.0241922988721491,0.0169120886315328,"5608/287/6857/3757/4133/65268/9026/376267",8
"GO:0046903","secretion","8/32","935/18723",0.000135149957988652,0.0264893917657759,0.0185179152963399,"5608/6857/6854/55636/1952/9026/493829/376267",8
"GO:0051640","organelle localization","6/32","521/18723",0.000220759594287967,0.0370876118403784,0.0259268034795342,"6857/6854/4133/54874/376267/4131",6
"GO:0071495","cellular response to endogenous stimulus","9/32","1345/18723",0.000306304322716431,0.0413211559900592,0.0288863433836701,"23089/1282/3096/493829/376267/2782/200734/4131/81848",9
"GO:0070373","negative regulation of ERK1 and ERK2 cascade","3/32","78/18723",0.000316233336658616,0.0413211559900592,0.0288863433836701,"65268/200734/81848",3
