"ID","Description","GeneRatio","BgRatio","pvalue","p.adjust","qvalue","geneID","Count"
"GO:0030182","neuron differentiation","17/69","1363/18723",6.46473410106178e-06,0.0114555088270815,0.0104048194110773,"816/11075/10938/6860/57556/1641/3714/4744/92211/5015/27242/7532/8609/7345/3371/3670/204851",17
"GO:0048699","generation of neurons","17/69","1514/18723",2.55770956228538e-05,0.0226613067218484,0.0205828311617597,"816/11075/10938/6860/57556/1641/3714/4744/92211/5015/27242/7532/8609/7345/3371/3670/204851",17
"GO:0048666","neuron development","14/69","1104/18723",4.14084268709966e-05,0.024458577471802,0.022215257784475,"816/11075/10938/6860/57556/1641/4744/92211/5015/27242/8609/7345/3371/3670",14
"GO:0022008","neurogenesis","17/69","1632/18723",6.62570384402023e-05,0.0293518680290096,0.0266597399408077,"816/11075/10938/6860/57556/1641/3714/4744/92211/5015/27242/7532/8609/7345/3371/3670/204851",17
