"ID","Description","GeneRatio","BgRatio","pvalue","p.adjust","qvalue","geneID","Count"
"GO:0050808","synapse organization","10/80","426/18723",1.33041094273291e-05,0.0261691832435563,0.0236112931520808,"816/1821/8404/9806/4744/57633/3371/84623/9746/23768",10
"GO:0034330","cell junction organization","12/80","694/18723",3.65791018643266e-05,0.0269657559496597,0.024330005368114,"816/1821/8404/9806/4744/57633/3371/84623/204851/9746/23768/3728",12
"GO:0030182","neuron differentiation","17/80","1363/18723",5.12534708899705e-05,0.0269657559496597,0.024330005368114,"816/11075/6860/57556/1641/3714/4744/92211/5015/27242/8609/7345/3371/3670/84623/204851/23768",17
"GO:0048666","neuron development","15/80","1104/18723",5.86865034278502e-05,0.0269657559496597,0.024330005368114,"816/11075/6860/57556/1641/4744/92211/5015/27242/8609/7345/3371/3670/84623/23768",15
"GO:0000902","cell morphogenesis","14/80","988/18723",6.85453887891705e-05,0.0269657559496597,0.024330005368114,"816/6860/57556/4744/92211/5015/8516/6781/8609/7345/3670/84623/23768/3988",14
"GO:0061564","axon development","9/80","467/18723",0.000167107064451247,0.0453890945593694,0.0409525665197318,"57556/4744/5015/27242/8609/7345/3371/3670/23768",9
"GO:0000904","cell morphogenesis involved in differentiation","11/80","694/18723",0.000171305632180707,0.0453890945593694,0.0409525665197318,"816/57556/4744/92211/5015/8516/6781/8609/7345/3670/23768",11
"GO:0048699","generation of neurons","17/80","1514/18723",0.000185902331282127,0.0453890945593694,0.0409525665197318,"816/11075/6860/57556/1641/3714/4744/92211/5015/27242/8609/7345/3371/3670/84623/204851/23768",17
"GO:0031175","neuron projection development","13/80","963/18723",0.000207677606016433,0.0453890945593694,0.0409525665197318,"816/11075/6860/57556/4744/5015/27242/8609/7345/3371/3670/84623/23768",13
