"ID","Description","GeneRatio","BgRatio","pvalue","p.adjust","qvalue","geneID","Count"
"GO:0050905","neuromuscular process","5/46","148/18723",3.0449133178582e-05,0.0366002845641547,0.0323390875425071,"89/9543/1134/6329/5179",5
"GO:0099536","synaptic signaling","9/46","748/18723",7.20942681419708e-05,0.0366002845641547,0.0323390875425071,"4842/26012/9381/2043/1134/1000/148281/3838/5179",9
"GO:0006941","striated muscle contraction","5/46","179/18723",7.5360915368884e-05,0.0366002845641547,0.0323390875425071,"4842/89/23704/1134/6329",5
