"ID","Description","GeneRatio","BgRatio","pvalue","p.adjust","qvalue","geneID","Count"
"GO:0030330","DNA damage response, signal transduction by p53 class mediator","4/44","72/18723",2.42905521699343e-05,0.0359739514873736,0.0284274283388826,"4193/144455/25946/55367",4
"GO:2000134","negative regulation of G1/S transition of mitotic cell cycle","4/44","84/18723",4.46331455821789e-05,0.0359739514873736,0.0284274283388826,"4193/144455/138151/55367",4
"GO:1902807","negative regulation of cell cycle G1/S phase transition","4/44","93/18723",6.65096099558142e-05,0.0359739514873736,0.0284274283388826,"4193/144455/138151/55367",4
"GO:1902229","regulation of intrinsic apoptotic signaling pathway in response to DNA damage","3/44","36/18723",8.18985805062576e-05,0.0359739514873736,0.0284274283388826,"25946/138151/598",3
"GO:0008544","epidermis development","6/44","324/18723",0.000103996986491911,0.0365445410532577,0.0288783210911224,"4909/4851/26154/488/8549/64434",6
"GO:0006887","exocytosis","6/44","352/18723",0.000163452298152662,0.0478642813090379,0.0378234353093617,"4851/26154/488/116841/100431172/84958",6
"GO:0045055","regulated exocytosis","5/44","230/18723",0.000196842750704366,0.049407530426796,0.039042945590836,"4851/26154/488/116841/100431172",5
