"ID","Description","GeneRatio","BgRatio","pvalue","p.adjust","qvalue","geneID","Count"
"GO:0086010","membrane depolarization during action potential","4/63","36/18723",6.32338797675186e-06,0.0113631281942231,0.0101906389393759,"6329/610/8912/6334",4
"GO:0048699","generation of neurons","16/63","1514/18723",2.9322196858016e-05,0.0207284786348921,0.0185896381630318,"4884/26508/4009/26227/26012/10938/7804/3714/1000/9572/4744/9742/54437/8437/482/23017",16
"GO:0030182","neuron differentiation","15/63","1363/18723",3.46051396241938e-05,0.0207284786348921,0.0185896381630318,"4884/26508/4009/26227/26012/10938/7804/3714/1000/4744/9742/54437/8437/482/23017",15
"GO:0022008","neurogenesis","16/63","1632/18723",7.27683029782348e-05,0.0315495474295319,0.02829414938032,"4884/26508/4009/26227/26012/10938/7804/3714/1000/9572/4744/9742/54437/8437/482/23017",16
"GO:0001508","action potential","5/63","134/18723",8.7783938312554e-05,0.0315495474295319,0.02829414938032,"23704/6329/610/8912/6334",5
"GO:0019228","neuronal action potential","3/63","32/18723",0.000167967710038671,0.044993409862539,0.0403508247661583,"6329/8912/6334",3
"GO:0051899","membrane depolarization","4/63","83/18723",0.000175266482491805,0.044993409862539,0.0403508247661583,"6329/610/8912/6334",4
"GO:0035637","multicellular organismal signaling","5/63","160/18723",0.000201746433291763,0.0453172925781622,0.0406412880749591,"23704/6329/8912/6334/482",5
