"ID","Description","GeneRatio","BgRatio","pvalue","p.adjust","qvalue","geneID","Count"
"GO:0006182","cGMP biosynthetic process","3/64","11/18723",6.16370194911672e-06,0.00994821494587439,0.00912227888469275,"2982/4880/2977",3
"GO:0046068","cGMP metabolic process","3/64","17/18723",2.50321797289398e-05,0.0202009690412544,0.0185238129994155,"2982/4880/2977",3
"GO:0009190","cyclic nucleotide biosynthetic process","3/64","22/18723",5.60025035217665e-05,0.0225970101710328,0.0207209263030536,"2982/4880/2977",3
"GO:0052652","cyclic purine nucleotide metabolic process","3/64","22/18723",5.60025035217665e-05,0.0225970101710328,0.0207209263030536,"2982/4880/2977",3
