"ID","Description","GeneRatio","BgRatio","pvalue","p.adjust","qvalue","geneID","Count"
"GO:0086010","membrane depolarization during action potential","4/44","36/18723",1.47902679381321e-06,0.0021608581457611,0.00191650735072007,"6329/6334/610/8912",4
"GO:0001508","action potential","5/44","134/18723",1.51218580967038e-05,0.0110465173396422,0.0097973722721276,"6329/23704/6334/610/8912",5
"GO:0051899","membrane depolarization","4/44","83/18723",4.25803854392528e-05,0.0207366477089161,0.0183917384125334,"6329/6334/610/8912",4
"GO:0019228","neuronal action potential","3/44","32/18723",5.72677086934087e-05,0.0209170306002675,0.0185517235267332,"6329/6334/8912",3
