"ID","Description","GeneRatio","BgRatio","pvalue","p.adjust","qvalue","geneID","Count"
"GO:0032253","dense core granule localization","2/33","10/18723",0.000134373153872613,0.0429098271366544,0.0386617495352781,"55638/6860",2
"GO:0099519","dense core granule cytoskeletal transport","2/33","10/18723",0.000134373153872613,0.0429098271366544,0.0386617495352781,"55638/6860",2
"GO:1901950","dense core granule transport","2/33","10/18723",0.000134373153872613,0.0429098271366544,0.0386617495352781,"55638/6860",2
