"ID","Description","GeneRatio","BgRatio","pvalue","p.adjust","qvalue","geneID","Count"
"GO:0009888","tissue development","17/60","1870/18723",5.35709171284865e-05,0.0346972290225993,0.0275843550607762,"4909/26154/374/342184/144455/8549/4851/5613/1969/488/4193/2817/64434/9759/5925/55553/639",17
"GO:0003170","heart valve development","4/60","65/18723",5.57426141133698e-05,0.0346972290225993,0.0275843550607762,"4851/4193/5925/639",4
"GO:0051148","negative regulation of muscle cell differentiation","4/60","68/18723",6.65720640772109e-05,0.0346972290225993,0.0275843550607762,"4851/4775/9759/55553",4
"GO:0008544","epidermis development","7/60","324/18723",7.66136424558498e-05,0.0346972290225993,0.0275843550607762,"4909/26154/8549/4851/1969/488/64434",7
"GO:0045595","regulation of cell differentiation","15/60","1554/18723",8.47514143199787e-05,0.0346972290225993,0.0275843550607762,"4909/26154/54897/374/4851/2784/5613/4775/4193/2817/9759/25946/5925/55553/639",15
"GO:0051147","regulation of muscle cell differentiation","5/60","155/18723",0.000137924506024873,0.0443962167426467,0.0352950665076656,"4851/4775/4193/9759/55553",5
"GO:2000134","negative regulation of G1/S transition of mitotic cell cycle","4/60","84/18723",0.000151819011821459,0.0443962167426467,0.0352950665076656,"144455/138151/4193/5925",4
