"ID","Description","GeneRatio","BgRatio","pvalue","p.adjust","qvalue","geneID","Count"
"GO:0017158","regulation of calcium ion-dependent exocytosis","3/29","39/18723",2.94086406410187e-05,0.0294674579223008,0.0233411737298191,"6860/8912/23208",3
"GO:0046929","negative regulation of neurotransmitter secretion","2/29","11/18723",0.000126308426505233,0.0417596110983307,0.0330777883896852,"6860/23208",2
"GO:0017156","calcium-ion regulated exocytosis","3/29","64/18723",0.000130628068902067,0.0417596110983307,0.0330777883896852,"6860/8912/23208",3
"GO:0033604","negative regulation of catecholamine secretion","2/29","14/18723",0.000208381292905842,0.0417596110983307,0.0330777883896852,"6860/23208",2
"GO:0051589","negative regulation of neurotransmitter transport","2/29","14/18723",0.000208381292905842,0.0417596110983307,0.0330777883896852,"6860/23208",2
