"ID","Description","GeneRatio","BgRatio","pvalue","p.adjust","qvalue","geneID","Count"
"GO:0050905","neuromuscular process","5/45","148/18723",2.73123336625245e-05,0.0330327153984291,0.0287860591478976,"89/9543/1134/6329/5179",5
"GO:0099536","synaptic signaling","9/45","748/18723",6.00967491530281e-05,0.0330327153984291,0.0287860591478976,"4842/26012/9381/2043/1134/1000/148281/3838/5179",9
"GO:0006941","striated muscle contraction","5/45","179/18723",6.76899905705513e-05,0.0330327153984291,0.0287860591478976,"4842/89/23704/1134/6329",5
