"ID","Description","GeneRatio","BgRatio","pvalue","p.adjust","qvalue","geneID","Count"
"GO:0045595","regulation of cell differentiation","19/79","1554/18723",1.83000371010928e-05,0.0394731800270572,0.0332482779331434,"23440/85477/5270/3084/4897/2784/56963/55553/55636/50848/3635/255743/6422/3638/814/222166/2119/399473/3992",19
