"ID","Description","GeneRatio","BgRatio","pvalue","p.adjust","qvalue","geneID","Count"
"GO:0030330","DNA damage response, signal transduction by p53 class mediator","5/65","72/18723",5.04228560400065e-06,0.0105030809131334,0.00867273123888112,"144455/25946/4193/83667/55367",5
"GO:0042770","signal transduction in response to DNA damage","6/65","172/18723",2.90465919477432e-05,0.0302520255135745,0.0249800690750591,"144455/1112/25946/4193/83667/55367",6
