"ID","Description","GeneRatio","BgRatio","pvalue","p.adjust","qvalue","geneID","Count"
"GO:0007267","cell-cell signaling","18/67","1641/18723",1.22739576743464e-05,0.0239955872533473,0.020013010986908,"2982/27230/3371/4885/9547/816/3798/2899/23002/5743/5608/6860/1821/3728/8609/775/23208/1143",18
