"ID","Description","GeneRatio","BgRatio","pvalue","p.adjust","qvalue","geneID","Count"
"GO:0086010","membrane depolarization during action potential","4/58","36/18723",4.53481512755691e-06,0.00733279606125952,0.00630577977210808,"6329/8912/610/6334",4
"GO:0051899","membrane depolarization","4/58","83/18723",0.000126952607210897,0.0452287760858928,0.0388941270119874,"6329/8912/610/6334",4
"GO:0019228","neuronal action potential","3/58","32/18723",0.000131272533757634,0.0452287760858928,0.0388941270119874,"6329/8912/6334",3
"GO:0035637","multicellular organismal signaling","5/58","160/18723",0.000136110073546729,0.0452287760858928,0.0388941270119874,"6329/8912/6334/482/3670",5
"GO:0014031","mesenchymal cell development","4/58","86/18723",0.000145697562098115,0.0452287760858928,0.0388941270119874,"26508/1000/54437/3670",4
"GO:0003203","endocardial cushion morphogenesis","3/58","36/18723",0.000187314184686457,0.0452287760858928,0.0388941270119874,"23462/26508/3670",3
"GO:0030182","neuron differentiation","13/58","1363/18723",0.000218568727390441,0.0452287760858928,0.0388941270119874,"23462/4009/26508/26227/7804/2288/4884/23017/1000/54437/482/9742/3670",13
"GO:0035725","sodium ion transmembrane transport","5/58","178/18723",0.000223766362824454,0.0452287760858928,0.0388941270119874,"6329/8912/610/6334/482",5
