"ID","Description","GeneRatio","BgRatio","pvalue","p.adjust","qvalue","geneID","Count"
"GO:0030330","DNA damage response, signal transduction by p53 class mediator","4/46","72/18723",2.90305166100353e-05,0.0340038343734287,0.0261946996767254,"144455/55367/25946/4193",4
"GO:2000134","negative regulation of G1/S transition of mitotic cell cycle","4/46","84/18723",5.3288330791932e-05,0.0340038343734287,0.0261946996767254,"144455/55367/138151/4193",4
"GO:0045595","regulation of cell differentiation","13/46","1554/18723",6.35756753434561e-05,0.0340038343734287,0.0261946996767254,"26154/374/4909/5613/4851/54897/55502/2817/2784/9759/25946/4193/639",13
"GO:1902807","negative regulation of cell cycle G1/S phase transition","4/46","93/18723",7.93464214840657e-05,0.0340038343734287,0.0261946996767254,"144455/55367/138151/4193",4
"GO:1902229","regulation of intrinsic apoptotic signaling pathway in response to DNA damage","3/46","36/18723",9.36228919973257e-05,0.0340038343734287,0.0261946996767254,"598/138151/25946",3
