"ID","Description","GeneRatio","BgRatio","pvalue","p.adjust","qvalue","geneID","Count"
"GO:0032253","dense core granule localization","2/24","10/18723",7.04208838217363e-05,0.0207506870994716,0.0168268848710886,"55638/6860",2
"GO:0099519","dense core granule cytoskeletal transport","2/24","10/18723",7.04208838217363e-05,0.0207506870994716,0.0168268848710886,"55638/6860",2
"GO:1901950","dense core granule transport","2/24","10/18723",7.04208838217363e-05,0.0207506870994716,0.0168268848710886,"55638/6860",2
"GO:0030705","cytoskeleton-dependent intracellular transport","4/24","195/18723",0.000102971065619833,0.0215300595897906,0.0174588837588085,"55638/6860/7846/7345",4
"GO:0032252","secretory granule localization","2/24","13/18723",0.000121776355145874,0.0215300595897906,0.0174588837588085,"55638/6860",2
"GO:0019896","axonal transport of mitochondrion","2/24","18/18723",0.000237935483920148,0.0350558279642351,0.0284270288683545,"55638/7345",2
"GO:0060074","synapse maturation","2/24","25/18723",0.000463990464025426,0.0493333944835339,0.0400048126259664,"55638/816",2
"GO:0034643","establishment of mitochondrion localization, microtubule-mediated","2/24","26/18723",0.000502263066008829,0.0493333944835339,0.0400048126259664,"55638/7345",2
"GO:0047497","mitochondrion transport along microtubule","2/24","26/18723",0.000502263066008829,0.0493333944835339,0.0400048126259664,"55638/7345",2
