"ID","Description","GeneRatio","BgRatio","pvalue","p.adjust","qvalue","geneID","Count"
"GO:0009888","tissue development","15/50","1870/18723",7.0797113041708e-05,0.0445849284539936,0.0360234214101132,"85477/1958/5270/440193/6840/79987/54084/9622/3084/56963/55553/55636/57619/11214/50848",15
"GO:0043269","regulation of ion transport","9/50","693/18723",7.95385906013436e-05,0.0445849284539936,0.0360234214101132,"54102/777/5270/8529/128414/5608/6857/3757/55636",9
"GO:0009611","response to wounding","8/50","549/18723",9.41909471149925e-05,0.0445849284539936,0.0360234214101132,"5270/2153/3084/8529/56963/4131/50848/1607",8
"GO:0007626","locomotory behavior","5/50","179/18723",0.000112944720592764,0.0445849284539936,0.0360234214101132,"257194/1958/3084/5538/55636",5
