"ID","Description","GeneRatio","BgRatio","pvalue","p.adjust","qvalue","geneID","Count"
"GO:0045055","regulated exocytosis","5/23","230/18723",7.52356901450529e-06,0.00981825756392941,0.00718302852226979,"26154/116841/4851/100431172/488",5
"GO:0006887","exocytosis","5/23","352/18723",5.81257947559015e-05,0.034088739245525,0.0249392913859175,"26154/116841/4851/100431172/488",5
"GO:0007267","cell-cell signaling","9/23","1641/18723",7.83649178058047e-05,0.034088739245525,0.0249392913859175,"57537/26154/4909/116841/4851/374/6330/117247/488",9
