"ID","Description","GeneRatio","BgRatio","pvalue","p.adjust","qvalue","geneID","Count"
"GO:0008544","epidermis development","7/55","324/18723",4.33420277465532e-05,0.0423784294728743,0.0324923448147768,"4909/26154/4851/488/8549/64434/1969",7
"GO:0060562","epithelial tube morphogenesis","7/55","325/18723",4.41964217404903e-05,0.0423784294728743,0.0324923448147768,"374/4851/23242/342184/8549/5613/1969",7
"GO:0009888","tissue development","16/55","1870/18723",6.21081037707e-05,0.0423784294728743,0.0324923448147768,"4909/26154/374/4851/23242/144455/342184/488/8549/4193/9759/64434/5925/2817/5613/1969",16
"GO:2000134","negative regulation of G1/S transition of mitotic cell cycle","4/55","84/18723",0.000108007123462549,0.0468680820961777,0.0359346465458571,"138151/144455/4193/5925",4
"GO:0045595","regulation of cell differentiation","14/55","1554/18723",0.000117534048217913,0.0468680820961777,0.0359346465458571,"4909/26154/374/4851/55502/54897/25946/4193/9759/5925/2817/5613/84959/4775",14
"GO:1902229","regulation of intrinsic apoptotic signaling pathway in response to DNA damage","3/55","36/18723",0.000159893772714708,0.0468680820961777,0.0359346465458571,"138151/25946/598",3
"GO:1902807","negative regulation of cell cycle G1/S phase transition","4/55","93/18723",0.000160271897739738,0.0468680820961777,0.0359346465458571,"138151/144455/4193/5925",4
