"ID","Description","GeneRatio","BgRatio","pvalue","p.adjust","qvalue","geneID","Count"
"GO:0031498","chromatin disassembly","4/151","20/18723",1.7812627593065e-05,0.0356970391701052,0.0323204697675593,"11240/6599/6605/6418",4
"GO:0007519","skeletal muscle tissue development","8/151","155/18723",3.76039596864069e-05,0.0356970391701052,0.0323204697675593,"89/93185/221662/30812/4868/1134/11149/3164",8
"GO:0061061","muscle structure development","16/151","636/18723",5.69096663572443e-05,0.0356970391701052,0.0323204697675593,"89/93185/221662/4842/10290/85407/5997/30812/4868/1134/11149/3164/7139/8763/4627/11096",16
"GO:0060538","skeletal muscle organ development","8/151","166/18723",6.11624155214146e-05,0.0356970391701052,0.0323204697675593,"89/93185/221662/30812/4868/1134/11149/3164",8
"GO:0014706","striated muscle tissue development","12/151","384/18723",6.75960924756022e-05,0.0356970391701052,0.0323204697675593,"89/93185/221662/5997/30812/4868/1134/11149/3164/9686/7139/26011",12
"GO:0007517","muscle organ development","11/151","327/18723",7.13227555846257e-05,0.0356970391701052,0.0323204697675593,"89/93185/221662/10290/30812/4868/1134/11149/3164/7139/8763",11
"GO:0060537","muscle tissue development","12/151","403/18723",0.000106767076550374,0.0458030758401103,0.0414705802600925,"89/93185/221662/5997/30812/4868/1134/11149/3164/9686/7139/26011",12
