"ID","Description","GeneRatio","BgRatio","pvalue","p.adjust","qvalue","geneID","Count"
"GO:0030182","neuron differentiation","17/73","1363/18723",1.45080424940842e-05,0.0267818464440795,0.0241444370348917,"816/11075/6860/57556/1641/3714/4744/92211/5015/27242/7532/8609/7345/3371/3670/84623/204851",17
"GO:0048699","generation of neurons","17/73","1514/18723",5.5608296237774e-05,0.0488893405608569,0.0440748402957831,"816/11075/6860/57556/1641/3714/4744/92211/5015/27242/7532/8609/7345/3371/3670/84623/204851",17
"GO:0048666","neuron development","14/73","1104/18723",7.94517993946754e-05,0.0488893405608569,0.0440748402957831,"816/11075/6860/57556/1641/4744/92211/5015/27242/8609/7345/3371/3670/84623",14
