"ID","Description","GeneRatio","BgRatio","pvalue","p.adjust","qvalue","geneID","Count"
"GO:0045055","regulated exocytosis","5/30","230/18723",2.97057328014339e-05,0.0434297813556963,0.0339583429709023,"26154/116841/100431172/488/4851",5
