"ID","Description","GeneRatio","BgRatio","pvalue","p.adjust","qvalue","geneID","Count"
"GO:0042593","glucose homeostasis","5/22","258/18723",1.03895733018115e-05,0.00581702155883491,0.00439041519885246,"55638/388581/9572/55144/1050",5
"GO:0033500","carbohydrate homeostasis","5/22","259/18723",1.0586026494695e-05,0.00581702155883491,0.00439041519885246,"55638/388581/9572/55144/1050",5
"GO:0001678","cellular glucose homeostasis","4/22","172/18723",4.42086327243111e-05,0.0153866878426054,0.0116131507303032,"55638/388581/9572/55144",4
"GO:0061178","regulation of insulin secretion involved in cellular response to glucose stimulus","3/22","64/18723",5.60025035217667e-05,0.0153866878426054,0.0116131507303032,"55638/388581/9572",3
"GO:0035773","insulin secretion involved in cellular response to glucose stimulus","3/22","73/18723",8.30298253204618e-05,0.0182499556054375,0.013774211021584,"55638/388581/9572",3
"GO:0034284","response to monosaccharide","4/22","225/18723",0.000125308882299676,0.0229524102745574,0.0173234033775693,"55638/388581/9572/6648",4
"GO:0009743","response to carbohydrate","4/22","253/18723",0.000196627888458891,0.0308705784880459,0.0232996655797904,"55638/388581/9572/6648",4
"GO:0031327","negative regulation of cellular biosynthetic process","8/22","1637/18723",0.000351011701556499,0.048220232501324,0.0363943711613843,"4880/26508/388581/23367/6418/9572/11244/1050",8
"GO:0009890","negative regulation of biosynthetic process","8/22","1669/18723",0.000400737988006578,0.0489345609799144,0.03693351281277,"4880/26508/388581/23367/6418/9572/11244/1050",8
