"ID","Description","GeneRatio","BgRatio","pvalue","p.adjust","qvalue","geneID","Count"
"GO:0046903","secretion","10/45","935/18723",5.94179592629741e-05,0.049779811005018,0.0371858376555168,"7857/6854/7042/1952/493829/8792/6857/10079/9026/55636",10
"GO:0007267","cell-cell signaling","13/45","1641/18723",8.66431083803295e-05,0.049779811005018,0.0371858376555168,"6854/1952/65268/1363/9746/287/8792/7532/6857/2890/9547/55636/4131",13
"GO:0030029","actin filament-based process","9/45","798/18723",9.87694662797976e-05,0.049779811005018,0.0371858376555168,"3757/287/1809/57221/11214/57482/54874/9026/55561",9
