"ID","Description","GeneRatio","BgRatio","pvalue","p.adjust","qvalue","geneID","Count"
"GO:0009888","tissue development","13/37","1870/18723",3.36504241843745e-05,0.0311865492301058,0.0230094968883775,"4909/26154/374/342184/144455/8549/4851/5613/488/4193/2817/64434/9759",13
"GO:0008544","epidermis development","6/37","324/18723",3.79167771794599e-05,0.0311865492301058,0.0230094968883775,"4909/26154/8549/4851/488/64434",6
"GO:0006887","exocytosis","6/37","352/18723",6.01272878901252e-05,0.0329697961930853,0.024325179978005,"26154/116841/100431172/4851/488/84958",6
"GO:0045055","regulated exocytosis","5/37","230/18723",8.47231723400275e-05,0.0348424046248363,0.0257067941336978,"26154/116841/100431172/4851/488",5
"GO:0032940","secretion by cell","8/37","792/18723",0.000128219507707109,0.0379955152580845,0.0280331653127957,"26154/116841/117247/100431172/4851/488/5208/84958",8
"GO:0045668","negative regulation of osteoblast differentiation","3/37","51/18723",0.000138585465986934,0.0379955152580845,0.0280331653127957,"374/4851/9759",3
