"ID","Description","GeneRatio","BgRatio","pvalue","p.adjust","qvalue","geneID","Count"
"GO:0030330","DNA damage response, signal transduction by p53 class mediator","4/51","72/18723",4.3817039393303e-05,0.0382993078237913,0.03122682393652,"4193/144455/55367/25946",4
"GO:2000134","negative regulation of G1/S transition of mitotic cell cycle","4/51","84/18723",8.0225865255229e-05,0.0382993078237913,0.03122682393652,"138151/4193/144455/55367",4
"GO:0042770","signal transduction in response to DNA damage","5/51","172/18723",0.000103018975879818,0.0382993078237913,0.03122682393652,"4193/144455/55367/25946/1112",5
"GO:1902807","negative regulation of cell cycle G1/S phase transition","4/51","93/18723",0.000119228822816305,0.0382993078237913,0.03122682393652,"138151/4193/144455/55367",4
"GO:1901991","negative regulation of mitotic cell cycle phase transition","5/51","179/18723",0.000124259417682781,0.0382993078237913,0.03122682393652,"138151/4193/144455/55367/1112",5
"GO:1902229","regulation of intrinsic apoptotic signaling pathway in response to DNA damage","3/51","36/18723",0.000127593474149222,0.0382993078237913,0.03122682393652,"138151/598/25946",3
