"ID","Description","GeneRatio","BgRatio","pvalue","p.adjust","qvalue","geneID","Count"
"GO:0042391","regulation of membrane potential","9/57","434/18723",5.96971399127136e-06,0.01117530459166,0.00936302510209929,"9783/6334/23704/8912/2899/2563/610/482/6262",9
"GO:0001508","action potential","5/57","134/18723",5.41190806801139e-05,0.0377586458265305,0.0316353926459348,"6334/23704/8912/610/6262",5
"GO:0034220","ion transmembrane transport","12/57","1130/18723",0.000124118072355094,0.0377586458265305,0.0316353926459348,"123606/6334/23704/8912/55144/2893/2899/528/2563/610/482/6262",12
"GO:0035637","multicellular organismal signaling","5/57","160/18723",0.000125233399663747,0.0377586458265305,0.0316353926459348,"6334/23704/8912/482/6262",5
"GO:0010038","response to metal ion","7/57","373/18723",0.000132112976195169,0.0377586458265305,0.0316353926459348,"4494/8912/7323/6469/10628/8437/6262",7
"GO:0048699","generation of neurons","14/57","1514/18723",0.000134775238198875,0.0377586458265305,0.0316353926459348,"4884/4009/23462/26508/26227/7804/10938/3714/6469/1000/4744/9572/8437/482",14
"GO:0086010","membrane depolarization during action potential","3/57","36/18723",0.000177860079364446,0.0377586458265305,0.0316353926459348,"6334/8912/610",3
"GO:0030182","neuron differentiation","13/57","1363/18723",0.000181529037306938,0.0377586458265305,0.0316353926459348,"4884/4009/23462/26508/26227/7804/10938/3714/6469/1000/4744/8437/482",13
"GO:0051049","regulation of transport","15/57","1759/18723",0.000181531951089089,0.0377586458265305,0.0316353926459348,"9783/6334/9094/23704/8912/10938/5901/7323/6469/1000/4744/9572/610/482/6262",15
