"ID","Description","GeneRatio","BgRatio","pvalue","p.adjust","qvalue","geneID","Count"
"GO:0042063","gliogenesis","10/96","301/18723",3.30863680408382e-06,0.00845025839763006,0.00788152114488597,"26227/10397/1000/9572/5179/2043/3949/482/6469/9334",10
"GO:0010001","glial cell differentiation","8/96","225/18723",2.05401533233324e-05,0.0248962279387656,0.0232206090860267,"26227/10397/1000/9572/2043/3949/6469/9334",8
"GO:0021782","glial cell development","6/96","116/18723",2.92438072890747e-05,0.0248962279387656,0.0232206090860267,"26227/10397/9572/3949/6469/9334",6
