"ID","Description","GeneRatio","BgRatio","pvalue","p.adjust","qvalue","geneID","Count"
"GO:0030330","DNA damage response, signal transduction by p53 class mediator","5/66","72/18723",5.43935514750651e-06,0.0118469155112692,0.00983091872449334,"144455/4193/55367/83667/25946",5
"GO:0042770","signal transduction in response to DNA damage","6/66","172/18723",3.17100892279414e-05,0.0345322871692282,0.0286559069496713,"144455/4193/55367/83667/25946/1112",6
