"ID","Description","GeneRatio","BgRatio","pvalue","p.adjust","qvalue","geneID","Count"
"GO:0030330","DNA damage response, signal transduction by p53 class mediator","5/59","72/18723",3.11131198063075e-06,0.00615417509768763,0.0048831222769689,"4193/144455/25946/55367/83667",5
"GO:0042770","signal transduction in response to DNA damage","6/59","172/18723",1.65820895945057e-05,0.0163996866089662,0.013012576623899,"4193/144455/25946/55367/1112/83667",6
"GO:0008544","epidermis development","7/59","324/18723",6.86821867940027e-05,0.0452844551595124,0.035931628249073,"4909/4851/26154/488/8549/1969/64434",7
