"ID","Description","GeneRatio","BgRatio","pvalue","p.adjust","qvalue","geneID","Count"
"GO:0050808","synapse organization","6/28","426/18723",3.29920879941487e-05,0.0320643459753766,0.0267687824839805,"4009/10397/55638/2043/1134/1000",6
"GO:0099537","trans-synaptic signaling","7/28","724/18723",7.30239298026683e-05,0.0320643459753766,0.0267687824839805,"4842/26012/55638/9381/2043/1134/1000",7
"GO:0099536","synaptic signaling","7/28","748/18723",8.96486839945291e-05,0.0320643459753766,0.0267687824839805,"4842/26012/55638/9381/2043/1134/1000",7
