"ID","Description","GeneRatio","BgRatio","pvalue","p.adjust","qvalue","geneID","Count"
"GO:0010001","glial cell differentiation","9/91","225/18723",1.48588583529936e-06,0.00165434131703326,0.00152843858457854,"26227/10397/1000/9572/2043/3949/26011/6469/9334",9
"GO:0021782","glial cell development","7/91","116/18723",1.53814864227266e-06,0.00165434131703326,0.00152843858457854,"26227/10397/9572/3949/26011/6469/9334",7
"GO:0042063","gliogenesis","10/91","301/18723",2.02324661683643e-06,0.00165434131703326,0.00152843858457854,"26227/10397/1000/9572/2043/3949/26011/482/6469/9334",10
"GO:0045685","regulation of glial cell differentiation","5/91","76/18723",3.4166568979504e-05,0.0209526484266809,0.019358058687598,"9572/2043/3949/26011/6469",5
