"ID","Description","GeneRatio","BgRatio","pvalue","p.adjust","qvalue","geneID","Count"
"GO:2000134","negative regulation of G1/S transition of mitotic cell cycle","4/38","84/18723",2.47713979832385e-05,0.0295240852002068,0.0234058504225357,"144455/4193/138151/55367",4
"GO:1902807","negative regulation of cell cycle G1/S phase transition","4/38","93/18723",3.69976005015123e-05,0.0295240852002068,0.0234058504225357,"144455/4193/138151/55367",4
