"ID","Description","GeneRatio","BgRatio","pvalue","p.adjust","qvalue","geneID","Count"
"GO:0045595","regulation of cell differentiation","15/50","1554/18723",7.91168970654767e-06,0.0145891558188739,0.011642676010267,"4909/26154/4851/54897/374/5613/84959/4193/814/2784/2817/25946/4775/55502/9759",15
"GO:0030330","DNA damage response, signal transduction by p53 class mediator","4/50","72/18723",4.04976718261506e-05,0.0373388534237108,0.0297977606383992,"144455/4193/25946/83667",4
