"ID","Description","GeneRatio","BgRatio","pvalue","p.adjust","qvalue","geneID","Count"
"GO:0006182","cGMP biosynthetic process","2/18","11/18723",4.77671191253556e-05,0.0364940790117717,0.0297161762137738,"2982/4880",2
"GO:0046068","cGMP metabolic process","2/18","17/18723",0.000117711987307731,0.0380794088602378,0.0310070689396535,"2982/4880",2
"GO:0009190","cyclic nucleotide biosynthetic process","2/18","22/18723",0.000199368632776114,0.0380794088602378,0.0310070689396535,"2982/4880",2
"GO:0052652","cyclic purine nucleotide metabolic process","2/18","22/18723",0.000199368632776114,0.0380794088602378,0.0310070689396535,"2982/4880",2
