"ID","Description","GeneRatio","BgRatio","pvalue","p.adjust","qvalue","geneID","Count"
"GO:0030330","DNA damage response, signal transduction by p53 class mediator","5/70","72/18723",7.2790844680327e-06,0.0161741256879687,0.0132939068968808,"144455/25946/4193/83667/55367",5
"GO:2000134","negative regulation of G1/S transition of mitotic cell cycle","5/70","84/18723",1.55137308971676e-05,0.0172357550267532,0.0141664858455715,"138151/144455/5925/4193/55367",5
"GO:1902807","negative regulation of cell cycle G1/S phase transition","5/70","93/18723",2.54463114597666e-05,0.0188472346878671,0.015491000134279,"138151/144455/5925/4193/55367",5
"GO:1901988","negative regulation of cell cycle phase transition","7/70","249/18723",3.97290654342807e-05,0.0197289056656074,0.0162156669334544,"138151/144455/5925/1112/4193/9555/55367",7
"GO:0042770","signal transduction in response to DNA damage","6/70","172/18723",4.43944771953362e-05,0.0197289056656074,0.0162156669334544,"144455/1112/25946/4193/83667/55367",6
"GO:1901991","negative regulation of mitotic cell cycle phase transition","6/70","179/18723",5.54490277814481e-05,0.0205346232883963,0.016877905824704,"138151/144455/5925/1112/4193/55367",6
"GO:0010948","negative regulation of cell cycle process","7/70","294/18723",0.000112785773340156,0.0358014269088324,0.0294260626684468,"138151/144455/5925/1112/4193/9555/55367",7
