"ID","Description","GeneRatio","BgRatio","pvalue","p.adjust","qvalue","geneID","Count"
"GO:0016192","vesicle-mediated transport","11/33","1569/18723",4.72818885402371e-05,0.0327600728504199,0.0273228297334612,"9783/388/10938/7804/51534/1000/57720/8912/9381/6345/3092",11
"GO:0007520","myoblast fusion","3/33","42/18723",5.46456594669223e-05,0.0327600728504199,0.0273228297334612,"4868/10938/8912",3
"GO:0000768","syncytium formation by plasma membrane fusion","3/33","55/18723",0.000122946628072845,0.0328032260541078,0.0273588207290307,"4868/10938/8912",3
"GO:0140253","cell-cell fusion","3/33","55/18723",0.000122946628072845,0.0328032260541078,0.0273588207290307,"4868/10938/8912",3
"GO:0006949","syncytium formation","3/33","57/18723",0.000136794103645154,0.0328032260541078,0.0273588207290307,"4868/10938/8912",3
