"ID","Description","GeneRatio","BgRatio","pvalue","p.adjust","qvalue","geneID","Count"
"GO:0031498","chromatin disassembly","4/117","20/18723",6.49499944506855e-06,0.0167246235710515,0.0159298407442208,"6418/11240/6599/6605",4
"GO:0061061","muscle structure development","14/117","636/18723",4.32059573419587e-05,0.0462538228009616,0.0440557617276405,"5997/89/4842/1134/3164/4868/93185/221662/10290/1000/85407/8763/11149/4627",14
"GO:0007519","skeletal muscle tissue development","7/117","155/18723",5.38879488943242e-05,0.0462538228009616,0.0440557617276405,"89/1134/3164/4868/93185/221662/11149",7
