"ID","Description","GeneRatio","BgRatio","pvalue","p.adjust","qvalue","geneID","Count"
"GO:0140352","export from cell","9/34","859/18723",1.60685583464158e-05,0.0191215844322348,0.0141572456167895,"7857/6854/3757/6857/478/10079/55636/8609/493829",9
"GO:1901381","positive regulation of potassium ion transmembrane transport","3/34","43/18723",6.42487456622792e-05,0.0300944171773466,0.0222813155041478,"287/3757/65268",3
"GO:1990573","potassium ion import across plasma membrane","3/34","49/18723",9.52062643794128e-05,0.0300944171773466,0.0222813155041478,"3757/65268/478",3
"GO:0043268","positive regulation of potassium ion transport","3/34","50/18723",0.000101157704797804,0.0300944171773466,0.0222813155041478,"287/3757/65268",3
"GO:0038063","collagen-activated tyrosine kinase receptor signaling pathway","2/34","12/18723",0.000208862091170765,0.0423400231318159,0.0313477216818487,"1284/1282",2
"GO:0046903","secretion","8/34","935/18723",0.000213479108227643,0.0423400231318159,0.0313477216818487,"7857/6854/6857/10079/55636/8609/493829/9026",8
"GO:0007167","enzyme linked receptor protein signaling pathway","8/34","963/18723",0.000261088440479298,0.0443850348814806,0.0328618082227327,"23089/1284/6711/1282/2549/493829/9026/200734",8
