"ID","Description","GeneRatio","BgRatio","pvalue","p.adjust","qvalue","geneID","Count"
"GO:0050808","synapse organization","10/84","426/18723",2.0577700676709e-05,0.0223638876563307,0.0202777088441266,"9806/816/8404/8497/57633/1821/9746/10152/23768/3371",10
"GO:0042391","regulation of membrane potential","10/84","434/18723",2.41250136529997e-05,0.0223638876563307,0.0202777088441266,"9783/2899/6648/1143/775/3778/2890/3728/482/2563",10
"GO:2001222","regulation of neuron migration","4/84","42/18723",3.70530666120682e-05,0.0228987951662582,0.0207627183787625,"816/57556/285313/23768",4
"GO:0007267","cell-cell signaling","19/84","1641/18723",9.55387706739115e-05,0.0389416589805587,0.0353090497881975,"9783/2982/816/2899/6860/3670/23002/27230/1143/775/1821/9746/8609/9547/4885/2890/3728/3371/2563",19
"GO:0048666","neuron development","15/84","1104/18723",0.000105020655287375,0.0389416589805587,0.0353090497881975,"816/92211/6860/57556/3670/11075/7345/8609/5015/1641/4685/10152/482/23768/3371",15
