"ID","Description","GeneRatio","BgRatio","pvalue","p.adjust","qvalue","geneID","Count"
"GO:0030330","DNA damage response, signal transduction by p53 class mediator","5/63","72/18723",4.31644086208075e-06,0.00893071614364507,0.00726070789221583,"144455/25946/4193/83667/55367",5
"GO:0042770","signal transduction in response to DNA damage","6/63","172/18723",2.42585004945859e-05,0.0250954187616491,0.0204026756791306,"144455/1112/25946/4193/83667/55367",6
