"ID","Description","GeneRatio","BgRatio","pvalue","p.adjust","qvalue","geneID","Count"
"GO:0051049","regulation of transport","28/112","1759/18723",1.10600468342255e-06,0.00267542532919915,0.00252285489365965,"4868/4842/1000/9783/8912/23704/9094/10938/5901/610/2922/148281/6334/388581/1143/91543/6329/482/684/4744/27230/9572/6342/4600/3092/7323/773/5580",28
"GO:0001508","action potential","7/112","134/18723",1.59447193246103e-05,0.0192851380231162,0.018185371987595,"8912/23704/610/1134/6334/6329/1832",7
"GO:0019228","neuronal action potential","4/112","32/18723",3.83420144103476e-05,0.0298313337710546,0.0281301539487284,"8912/1134/6334/6329",4
"GO:0035637","multicellular organismal signaling","7/112","160/18723",4.98704291755273e-05,0.0298313337710546,0.0281301539487284,"8912/23704/1134/6334/6329/482/1832",7
"GO:0086010","membrane depolarization during action potential","4/112","36/18723",6.16604666619566e-05,0.0298313337710546,0.0281301539487284,"8912/610/6334/6329",4
"GO:0007520","myoblast fusion","4/112","42/18723",0.000113975023943795,0.0459509304866734,0.0433305047168779,"4868/4842/8912/10938",4
