"ID","Description","GeneRatio","BgRatio","pvalue","p.adjust","qvalue","geneID","Count"
"GO:0042063","gliogenesis","10/100","301/18723",4.79838078297525e-06,0.0121111130962295,0.0109706137480234,"7804/26227/10397/1000/9572/2043/3949/482/6469/9334",10
"GO:0010001","glial cell differentiation","8/100","225/18723",2.76649079864959e-05,0.0209894256141565,0.0190128586345599,"26227/10397/1000/9572/2043/3949/6469/9334",8
"GO:0015031","protein transport","22/100","1596/18723",2.8562406472072e-05,0.0209894256141565,0.0190128586345599,"55638/9094/388581/9572/10628/27230/51534/91543/5901/388/3838/1871/4600/55437/11260/3092/821/6469/7323/26985/66008/283576",22
"GO:0021782","glial cell development","6/100","116/18723",3.68557878562169e-05,0.0209894256141565,0.0190128586345599,"26227/10397/9572/3949/6469/9334",6
"GO:0051049","regulation of transport","23/100","1759/18723",4.1579686240405e-05,0.0209894256141565,0.0190128586345599,"4842/55638/23704/9094/4868/388581/1000/9572/684/27230/2922/6334/91543/5901/148281/4600/6329/482/3092/6469/7323/6342/773",23
"GO:0045184","establishment of protein localization","22/100","1703/18723",7.60433559412767e-05,0.0319889050659638,0.0289765208955181,"55638/9094/388581/9572/10628/27230/51534/91543/5901/388/3838/1871/4600/55437/11260/3092/821/6469/7323/26985/66008/283576",22
