"ID","Description","GeneRatio","BgRatio","pvalue","p.adjust","qvalue","geneID","Count"
"GO:0042063","gliogenesis","10/96","301/18723",3.30863680408382e-06,0.00830136974144629,0.00749145027956241,"7804/26227/10397/1000/9572/2043/3949/482/6469/9334",10
"GO:0010001","glial cell differentiation","8/96","225/18723",2.05401533233324e-05,0.0173309765935383,0.0156400875386298,"26227/10397/1000/9572/2043/3949/6469/9334",8
"GO:0051049","regulation of transport","23/96","1759/18723",2.07225706578776e-05,0.0173309765935383,0.0156400875386298,"4842/55638/23704/9094/4868/388581/1000/9572/684/27230/2922/6334/91543/5901/148281/4600/6329/482/3092/6469/7323/6342/773",23
"GO:0021782","glial cell development","6/96","116/18723",2.92438072890747e-05,0.0183431781220721,0.0165535340733683,"26227/10397/9572/3949/6469/9334",6
"GO:0015031","protein transport","21/96","1596/18723",4.70732176529387e-05,0.0236213406182447,0.0213167349834676,"55638/9094/388581/9572/27230/51534/91543/5901/388/3838/1871/4600/55437/11260/3092/821/6469/7323/26985/66008/283576",21
"GO:0072583","clathrin-dependent endocytosis","4/96","47/18723",9.77623758272067e-05,0.0408809668250769,0.0368924334042669,"9094/57720/3092/821",4
"GO:0045184","establishment of protein localization","21/96","1703/18723",0.000119608412223695,0.0428710723241786,0.0386883751418297,"55638/9094/388581/9572/27230/51534/91543/5901/388/3838/1871/4600/55437/11260/3092/821/6469/7323/26985/66008/283576",21
