"ID","Description","GeneRatio","BgRatio","pvalue","p.adjust","qvalue","geneID","Count"
"GO:0030330","DNA damage response, signal transduction by p53 class mediator","6/79","72/18723",5.82500824345722e-07,0.00138984696688889,0.00113250423428058,"144455/25946/4193/8493/83667/55367",6
"GO:0072331","signal transduction by p53 class mediator","7/79","163/18723",5.70665355667155e-06,0.00680803769310916,0.00554746795745913,"144455/25946/4193/8493/8805/83667/55367",7
"GO:2000134","negative regulation of G1/S transition of mitotic cell cycle","5/79","84/18723",2.7990637460782e-05,0.0222618869938086,0.0181398973298471,"138151/144455/4193/5925/55367",5
"GO:1902807","negative regulation of cell cycle G1/S phase transition","5/79","93/18723",4.5747642376905e-05,0.0272884686778238,0.0222357619658273,"138151/144455/4193/5925/55367",5
"GO:0008544","epidermis development","8/79","324/18723",6.620299755419e-05,0.0315920704328594,0.0257425129437029,"4909/26154/4851/488/9555/8549/64434/1969",8
"GO:0042770","signal transduction in response to DNA damage","6/79","172/18723",8.79187032629455e-05,0.0349623376642313,0.0284887447239755,"144455/25946/4193/8493/83667/55367",6
