"ID","Description","GeneRatio","BgRatio","pvalue","p.adjust","qvalue","geneID","Count"
"GO:0030330","DNA damage response, signal transduction by p53 class mediator","4/53","72/18723",5.10465677078968e-05,0.0480069326179419,0.0385754774976061,"4193/144455/25946/55367",4
"GO:2000134","negative regulation of G1/S transition of mitotic cell cycle","4/53","84/18723",9.33675376327329e-05,0.0480069326179419,0.0385754774976061,"4193/144455/138151/55367",4
"GO:0042770","signal transduction in response to DNA damage","5/53","172/18723",0.000124002041722017,0.0480069326179419,0.0385754774976061,"4193/144455/25946/55367/1112",5
"GO:1902807","negative regulation of cell cycle G1/S phase transition","4/53","93/18723",0.000138653783476744,0.0480069326179419,0.0385754774976061,"4193/144455/138151/55367",4
"GO:1902229","regulation of intrinsic apoptotic signaling pathway in response to DNA damage","3/53","36/18723",0.000143151219208031,0.0480069326179419,0.0385754774976061,"25946/138151/598",3
"GO:1901991","negative regulation of mitotic cell cycle phase transition","5/53","179/18723",0.000149476697305476,0.0480069326179419,0.0385754774976061,"4193/144455/138151/55367/1112",5
