"ID","Description","GeneRatio","BgRatio","pvalue","p.adjust","qvalue","geneID","Count"
"GO:0051049","regulation of transport","14/45","1759/18723",4.02174445550791e-05,0.0359364084511214,0.0283989109421637,"816/9846/10938/610/6860/7042/124930/6781/65268/3728/8792/5743/27230/8609",14
"GO:0051050","positive regulation of transport","10/45","899/18723",4.26544907431708e-05,0.0359364084511214,0.0283989109421637,"9846/10938/6860/7042/6781/65268/3728/8792/5743/27230",10
