"ID","Description","GeneRatio","BgRatio","pvalue","p.adjust","qvalue","geneID","Count"
"GO:0010001","glial cell differentiation","5/27","225/18723",1.55979325005493e-05,0.0193882300981827,0.0148426641899963,"26227/2043/1021/6469/1000",5
"GO:0042063","gliogenesis","5/27","301/18723",6.27241775812792e-05,0.038983076366765,0.0298435034386718,"26227/2043/1021/6469/1000",5
