"ID","Description","GeneRatio","BgRatio","pvalue","p.adjust","qvalue","geneID","Count"
"GO:1901381","positive regulation of potassium ion transmembrane transport","3/33","43/18723",5.86735831574894e-05,0.0318631978881134,0.0233987780976413,"287/3757/65268",3
"GO:0007267","cell-cell signaling","11/33","1641/18723",7.13978660923118e-05,0.0318631978881134,0.0233987780976413,"287/6854/65268/6857/55636/1952/2890/8792/2563/4131/1363",11
"GO:0043268","positive regulation of potassium ion transport","3/33","50/18723",9.24055865354642e-05,0.0318631978881134,0.0233987780976413,"287/3757/65268",3
"GO:0043270","positive regulation of ion transport","5/33","275/18723",0.000111702709511353,0.0318631978881134,0.0233987780976413,"287/3757/65268/6857/8792",5
"GO:0046903","secretion","8/33","935/18723",0.000170652796075782,0.0373955338731131,0.0274614557525698,"6854/6857/10079/55636/493829/9026/1952/8792",8
"GO:0038063","collagen-activated tyrosine kinase receptor signaling pathway","2/33","12/18723",0.000196646102750814,0.0373955338731131,0.0274614557525698,"1284/1282",2
