"ID","Description","GeneRatio","BgRatio","pvalue","p.adjust","qvalue","geneID","Count"
"GO:0042063","gliogenesis","10/105","301/18723",7.4513491946195e-06,0.0183824784631263,0.0174126265390056,"26227/10397/1000/9572/5179/1956/2043/3949/482/9334",10
"GO:0010001","glial cell differentiation","8/105","225/18723",3.9376487725749e-05,0.0399033317951765,0.0377980485931311,"26227/10397/1000/9572/1956/2043/3949/9334",8
"GO:0021782","glial cell development","6/105","116/18723",4.85245218425332e-05,0.0399033317951765,0.0377980485931311,"26227/10397/9572/1956/3949/9334",6
