"ID","Description","GeneRatio","BgRatio","pvalue","p.adjust","qvalue","geneID","Count"
"GO:0044057","regulation of system process","12/87","580/18723",1.48721917738986e-05,0.0302351658763358,0.0273648328639734,"2982/23704/816/478/3778/775/27242/3728/6781/4885/50944/3670",12
"GO:0086091","regulation of heart rate by cardiac conduction","4/87","39/18723",3.15920029063697e-05,0.0321132709543248,0.0290646426738601,"23704/775/3728/3670",4
