"ID","Description","GeneRatio","BgRatio","pvalue","p.adjust","qvalue","geneID","Count"
"GO:0061337","cardiac conduction","4/35","98/18723",3.26240095182775e-05,0.0265200805382153,0.022823977847545,"478/287/3670/3757",4
"GO:0086091","regulation of heart rate by cardiac conduction","3/35","39/18723",5.22228832226187e-05,0.0265200805382153,0.022823977847545,"287/3670/3757",3
"GO:0060047","heart contraction","5/35","241/18723",8.02808863806576e-05,0.0265200805382153,0.022823977847545,"5608/478/287/3670/3757",5
"GO:0003015","heart process","5/35","251/18723",9.72321926240707e-05,0.0265200805382153,0.022823977847545,"5608/478/287/3670/3757",5
"GO:0035637","multicellular organismal signaling","4/35","160/18723",0.000218764213352954,0.0477343513536146,0.0410816164864916,"478/287/3670/3757",4
