"ID","Description","GeneRatio","BgRatio","pvalue","p.adjust","qvalue","geneID","Count"
"GO:0032253","dense core granule localization","3/65","10/18723",4.70977739474709e-06,0.00272539118576032,0.00239124487375405,"6860/55638/3798",3
"GO:0099519","dense core granule cytoskeletal transport","3/65","10/18723",4.70977739474709e-06,0.00272539118576032,0.00239124487375405,"6860/55638/3798",3
"GO:1901950","dense core granule transport","3/65","10/18723",4.70977739474709e-06,0.00272539118576032,0.00239124487375405,"6860/55638/3798",3
"GO:0032252","secretory granule localization","3/65","13/18723",1.11416118530238e-05,0.00483545954421232,0.00424260851350669,"6860/55638/3798",3
"GO:2000145","regulation of cell motility","13/65","1043/18723",5.06392956132517e-05,0.017581963436921,0.0154263285794474,"57556/2768/3910/3728/816/221178/6781/3486/6648/9806/2549/1021/7114",13
"GO:0040012","regulation of locomotion","13/65","1082/18723",7.37191534888221e-05,0.0213294084094325,0.0187143184383027,"57556/2768/3910/3728/816/221178/6781/3486/6648/9806/2549/1021/7114",13
"GO:0051270","regulation of cellular component movement","13/65","1116/18723",0.000100843185305846,0.0250091099558498,0.0219428705470014,"57556/2768/3910/3728/816/221178/6781/3486/6648/9806/2549/1021/7114",13
"GO:0032272","negative regulation of protein polymerization","4/65","80/18723",0.000171636615946368,0.0372451456603618,0.0326787083255782,"163782/11075/6711/7114",4
"GO:0099536","synaptic signaling","10/65","748/18723",0.000238710848509338,0.04604467033469,0.0403993681629253,"2982/1821/6860/55638/816/1143/3798/9746/23208/7532",10
