"ID","Description","GeneRatio","BgRatio","pvalue","p.adjust","qvalue","geneID","Count"
"GO:0034330","cell junction organization","6/20","694/18723",6.30099888019459e-05,0.0292796992495912,0.023967611626801,"4009/7804/55638/55765/1000/8497",6
"GO:0050808","synapse organization","5/20","426/18723",6.96306759800028e-05,0.0292796992495912,0.023967611626801,"4009/7804/55638/1000/8497",5
