"ID","Description","GeneRatio","BgRatio","pvalue","p.adjust","qvalue","geneID","Count"
"GO:0030330","DNA damage response, signal transduction by p53 class mediator","5/52","72/18723",1.64923164393785e-06,0.0031764201462243,0.00253634466504547,"4193/144455/25946/55367/83667",5
"GO:0042770","signal transduction in response to DNA damage","6/52","172/18723",7.90098300864459e-06,0.00760864663732474,0.00607544009243671,"4193/144455/25946/55367/1112/83667",6
"GO:2000134","negative regulation of G1/S transition of mitotic cell cycle","4/52","84/18723",8.66156238626448e-05,0.0328437542317232,0.0262254604211333,"4193/144455/138151/55367",4
"GO:0072331","signal transduction by p53 class mediator","5/52","163/18723",8.78312154392983e-05,0.0328437542317232,0.0262254604211333,"4193/144455/25946/55367/83667",5
"GO:1902807","negative regulation of cell cycle G1/S phase transition","4/52","93/18723",0.000128675998594044,0.0328437542317232,0.0262254604211333,"4193/144455/138151/55367",4
"GO:0006109","regulation of carbohydrate metabolic process","5/52","178/18723",0.000132889200703101,0.0328437542317232,0.0262254604211333,"51085/5208/9759/2784/83667",5
"GO:1902229","regulation of intrinsic apoptotic signaling pathway in response to DNA damage","3/52","36/18723",0.000135226697692523,0.0328437542317232,0.0262254604211333,"25946/138151/598",3
"GO:1901991","negative regulation of mitotic cell cycle phase transition","5/52","179/18723",0.000136422655168113,0.0328437542317232,0.0262254604211333,"4193/144455/138151/55367/1112",5
