"ID","Description","GeneRatio","BgRatio","pvalue","p.adjust","qvalue","geneID","Count"
"GO:0006887","exocytosis","7/48","352/18723",2.96757016992704e-05,0.0317998658684748,0.0250689304864258,"26154/116841/100431172/488/4851/84958/10565",7
"GO:0030330","DNA damage response, signal transduction by p53 class mediator","4/48","72/18723",3.44154392515961e-05,0.0317998658684748,0.0250689304864258,"144455/55367/25946/4193",4
"GO:2000134","negative regulation of G1/S transition of mitotic cell cycle","4/48","84/18723",6.31085384863548e-05,0.0327687489305145,0.0258327344040966,"144455/55367/138151/4193",4
"GO:1902807","negative regulation of cell cycle G1/S phase transition","4/48","93/18723",9.38970306908534e-05,0.0327687489305145,0.0258327344040966,"144455/55367/138151/4193",4
"GO:0045595","regulation of cell differentiation","13/48","1554/18723",0.000103054020060309,0.0327687489305145,0.0258327344040966,"26154/374/4909/5613/4851/54897/55502/2817/2784/9759/25946/4193/639",13
"GO:1902229","regulation of intrinsic apoptotic signaling pathway in response to DNA damage","3/48","36/18723",0.00010639204198219,0.0327687489305145,0.0258327344040966,"598/138151/25946",3
"GO:0032940","secretion by cell","9/48","792/18723",0.000157532824868006,0.0415886657651537,0.0327857788898227,"26154/116841/117247/100431172/488/4851/5208/84958/10565",9
