"ID","Description","GeneRatio","BgRatio","pvalue","p.adjust","qvalue","geneID","Count"
"GO:0032253","dense core granule localization","2/26","10/18723",8.28758971279841e-05,0.0203045947963561,0.0180873010574056,"55638/6860",2
"GO:0099519","dense core granule cytoskeletal transport","2/26","10/18723",8.28758971279841e-05,0.0203045947963561,0.0180873010574056,"55638/6860",2
"GO:1901950","dense core granule transport","2/26","10/18723",8.28758971279841e-05,0.0203045947963561,0.0180873010574056,"55638/6860",2
"GO:0032252","secretory granule localization","2/26","13/18723",0.000143283773851432,0.0263283934452006,0.0234532914041028,"55638/6860",2
