"ID","Description","GeneRatio","BgRatio","pvalue","p.adjust","qvalue","geneID","Count"
"GO:0051049","regulation of transport","23/90","1759/18723",6.60838419197019e-06,0.0155561363878978,0.0142741098546556,"4842/9094/4744/4868/684/1000/8912/6329/148281/5901/10938/482/7323/27230/6469/9572/6342/2922/388581/6334/4600/3092/773",23
"GO:0019228","neuronal action potential","4/90","32/18723",1.61950497156775e-05,0.016677021925209,0.0153026199483651,"1134/8912/6329/6334",4
"GO:0014902","myotube differentiation","6/90","117/18723",2.12536388171738e-05,0.016677021925209,0.0153026199483651,"4842/89/4868/8912/10938/6469",6
"GO:0007520","myoblast fusion","4/90","42/18723",4.85932269891616e-05,0.0285971140831216,0.0262403425741472,"4842/4868/8912/10938",4
"GO:0022008","neurogenesis","20/90","1632/18723",7.62711293735075e-05,0.0359084477090473,0.0329491278893553,"4009/4884/10397/26227/26508/4744/9742/26012/6929/2043/1000/6605/23768/23017/10938/482/2288/6469/9572/54437",20
"GO:0000768","syncytium formation by plasma membrane fusion","4/90","55/18723",0.000141178268541018,0.0474762348779365,0.0435635800069426,"4842/4868/8912/10938",4
"GO:0140253","cell-cell fusion","4/90","55/18723",0.000141178268541018,0.0474762348779365,0.0435635800069426,"4842/4868/8912/10938",4
"GO:0006949","syncytium formation","4/90","57/18723",0.000162319944844445,0.047762643770478,0.0438263851080002,"4842/4868/8912/10938",4
