"ID","Description","GeneRatio","BgRatio","pvalue","p.adjust","qvalue","geneID","Count"
"GO:0007520","myoblast fusion","4/25","42/18723",2.67341145450691e-07,0.000202225617772305,0.000160447919133741,"4868/4842/8912/10938",4
"GO:0000768","syncytium formation by plasma membrane fusion","4/25","55/18723",8.05142744053079e-07,0.000202225617772305,0.000160447919133741,"4868/4842/8912/10938",4
"GO:0140253","cell-cell fusion","4/25","55/18723",8.05142744053079e-07,0.000202225617772305,0.000160447919133741,"4868/4842/8912/10938",4
"GO:0006949","syncytium formation","4/25","57/18723",9.30842889630862e-07,0.000202225617772305,0.000160447919133741,"4868/4842/8912/10938",4
"GO:0014902","myotube differentiation","4/25","117/18723",1.65536610154353e-05,0.00287702628448266,0.00228266272949687,"4868/4842/8912/10938",4
"GO:0099537","trans-synaptic signaling","6/25","724/18723",0.000308733378106788,0.0447148842624664,0.035477256607008,"4842/148281/4884/26012/1134/5179",6
"GO:0099536","synaptic signaling","6/25","748/18723",0.000367788492854281,0.0456583143271957,0.0362257838826397,"4842/148281/4884/26012/1134/5179",6
