"ID","Description","GeneRatio","BgRatio","pvalue","p.adjust","qvalue","geneID","Count"
"GO:0098962","regulation of postsynaptic neurotransmitter receptor activity","2/25","17/18723",0.000229946622393677,0.0346810494739958,0.0292484252943272,"4884/4885",2
"GO:0050804","modulation of chemical synaptic transmission","5/25","439/18723",0.000249737867247385,0.0346810494739958,0.0292484252943272,"7804/4884/9783/2899/4885",5
"GO:0099177","regulation of trans-synaptic signaling","5/25","440/18723",0.000252381654675348,0.0346810494739958,0.0292484252943272,"7804/4884/9783/2899/4885",5
"GO:0007268","chemical synaptic transmission","6/25","716/18723",0.000290812198443996,0.0346810494739958,0.0292484252943272,"7804/4884/9094/9783/2899/4885",6
"GO:0098916","anterograde trans-synaptic signaling","6/25","716/18723",0.000290812198443996,0.0346810494739958,0.0292484252943272,"7804/4884/9094/9783/2899/4885",6
"GO:0099537","trans-synaptic signaling","6/25","724/18723",0.000308733378106788,0.0346810494739958,0.0292484252943272,"7804/4884/9094/9783/2899/4885",6
"GO:0099536","synaptic signaling","6/25","748/18723",0.000367788492854281,0.0354127777405407,0.0298655317505732,"7804/4884/9094/9783/2899/4885",6
"GO:0035235","ionotropic glutamate receptor signaling pathway","2/25","27/18723",0.000588628213878439,0.0495919270192585,0.0418235836176786,"2899/2893",2
