"ID","Description","GeneRatio","BgRatio","pvalue","p.adjust","qvalue","geneID","Count"
"GO:0032253","dense core granule localization","2/34","10/18723",0.000142730797036351,0.0352901895672377,0.0312880931398106,"6860/55638",2
"GO:0044557","relaxation of smooth muscle","2/34","10/18723",0.000142730797036351,0.0352901895672377,0.0312880931398106,"2982/3778",2
"GO:0099519","dense core granule cytoskeletal transport","2/34","10/18723",0.000142730797036351,0.0352901895672377,0.0312880931398106,"6860/55638",2
"GO:1901950","dense core granule transport","2/34","10/18723",0.000142730797036351,0.0352901895672377,0.0312880931398106,"6860/55638",2
"GO:0032252","secretory granule localization","2/34","13/18723",0.000246556025325554,0.0467863735426704,0.0414805483061513,"6860/55638",2
"GO:0030007","cellular potassium ion homeostasis","2/34","14/18723",0.000287321279769973,0.0467863735426704,0.0414805483061513,"478/3778",2
"GO:0045986","negative regulation of smooth muscle contraction","2/34","15/18723",0.000331147234376838,0.0467863735426704,0.0414805483061513,"2982/3778",2
