"ID","Description","GeneRatio","BgRatio","pvalue","p.adjust","qvalue","geneID","Count"
"GO:0007520","myoblast fusion","3/37","42/18723",7.73376931191538e-05,0.0465365639957135,0.0398157044375957,"4868/10938/8912",3
"GO:0016192","vesicle-mediated transport","11/37","1569/18723",0.000152763633566048,0.0465365639957135,0.0398157044375957,"9783/388/10938/7804/51534/9094/1000/57720/8912/9381/6345",11
"GO:0000768","syncytium formation by plasma membrane fusion","3/37","55/18723",0.000173640713939832,0.0465365639957135,0.0398157044375957,"4868/10938/8912",3
"GO:0140253","cell-cell fusion","3/37","55/18723",0.000173640713939832,0.0465365639957135,0.0398157044375957,"4868/10938/8912",3
"GO:0006949","syncytium formation","3/37","57/18723",0.000193136298671887,0.0465365639957135,0.0398157044375957,"4868/10938/8912",3
"GO:0051146","striated muscle cell differentiation","5/37","283/18723",0.000223375507179425,0.0465365639957135,0.0398157044375957,"4868/10938/1000/8912/84033",5
