"ID","Description","GeneRatio","BgRatio","pvalue","p.adjust","qvalue","geneID","Count"
"GO:0030330","DNA damage response, signal transduction by p53 class mediator","4/52","72/18723",4.73310233724167e-05,0.0423137602113097,0.0339381271979622,"4193/144455/25946/55367",4
"GO:2000134","negative regulation of G1/S transition of mitotic cell cycle","4/52","84/18723",8.66156238626448e-05,0.0423137602113097,0.0339381271979622,"4193/144455/138151/55367",4
"GO:0042770","signal transduction in response to DNA damage","5/52","172/18723",0.000113137911291645,0.0423137602113097,0.0339381271979622,"4193/144455/25946/55367/1112",5
"GO:1902807","negative regulation of cell cycle G1/S phase transition","4/52","93/18723",0.000128675998594044,0.0423137602113097,0.0339381271979622,"4193/144455/138151/55367",4
"GO:1902229","regulation of intrinsic apoptotic signaling pathway in response to DNA damage","3/52","36/18723",0.000135226697692523,0.0423137602113097,0.0339381271979622,"25946/138151/598",3
"GO:1901991","negative regulation of mitotic cell cycle phase transition","5/52","179/18723",0.000136422655168113,0.0423137602113097,0.0339381271979622,"4193/144455/138151/55367/1112",5
