"ID","Description","GeneRatio","BgRatio","pvalue","p.adjust","qvalue","geneID","Count"
"GO:0016192","vesicle-mediated transport","11/33","1569/18723",4.72818885402371e-05,0.0277008059881436,0.0227270203775369,"9783/388/10938/7804/51534/9094/1000/57720/8912/9381/6345",11
"GO:0007520","myoblast fusion","3/33","42/18723",5.46456594669223e-05,0.0277008059881436,0.0227270203775369,"4868/10938/8912",3
"GO:0000768","syncytium formation by plasma membrane fusion","3/33","55/18723",0.000122946628072845,0.0277008059881436,0.0227270203775369,"4868/10938/8912",3
"GO:0140253","cell-cell fusion","3/33","55/18723",0.000122946628072845,0.0277008059881436,0.0227270203775369,"4868/10938/8912",3
"GO:0051146","striated muscle cell differentiation","5/33","283/18723",0.000127773327483982,0.0277008059881436,0.0227270203775369,"4868/10938/1000/8912/84033",5
"GO:0006949","syncytium formation","3/33","57/18723",0.000136794103645154,0.0277008059881436,0.0227270203775369,"4868/10938/8912",3
