"ID","Description","GeneRatio","BgRatio","pvalue","p.adjust","qvalue","geneID","Count"
"GO:0071248","cellular response to metal ion","6/55","197/18723",2.37379707488393e-05,0.0449122406568039,0.0382556139120768,"6469/8912/4494/7323/1050/8437",6
"GO:0071241","cellular response to inorganic substance","6/55","226/18723",5.12082095735542e-05,0.0484429662565823,0.041263036240585,"6469/8912/4494/7323/1050/8437",6
