"ID","Description","GeneRatio","BgRatio","pvalue","p.adjust","qvalue","geneID","Count"
"GO:0051049","regulation of transport","26/113","1759/18723",1.33954695731497e-05,0.0318590768100596,0.028706210916576,"4842/9094/4868/684/55638/23704/1000/6329/148281/5901/610/482/7323/27230/6469/9572/6342/2922/388581/6334/4600/3092/773/91543/6386/5580",26
"GO:0015031","protein transport","24/113","1596/18723",2.34689331934141e-05,0.0318590768100596,0.028706210916576,"9094/55638/5901/51534/3838/10628/388/7323/27230/6469/9572/1871/11260/821/388581/4600/3092/283576/91543/66008/26985/6745/6386/5580",24
