"ID","Description","GeneRatio","BgRatio","pvalue","p.adjust","qvalue","geneID","Count"
"GO:0007520","myoblast fusion","4/29","42/18723",4.9869519115055e-07,0.000407438994407143,0.000333626426428803,"4868/4842/8912/10938",4
"GO:0000768","syncytium formation by plasma membrane fusion","4/29","55/18723",1.49857261662859e-06,0.000407438994407143,0.000333626426428803,"4868/4842/8912/10938",4
"GO:0140253","cell-cell fusion","4/29","55/18723",1.49857261662859e-06,0.000407438994407143,0.000333626426428803,"4868/4842/8912/10938",4
"GO:0006949","syncytium formation","4/29","57/18723",1.73194046506756e-06,0.000407438994407143,0.000333626426428803,"4868/4842/8912/10938",4
"GO:0014902","myotube differentiation","4/29","117/18723",3.04864012246537e-05,0.00573754071047983,0.00469811488346243,"4868/4842/8912/10938",4
"GO:0010038","response to metal ion","5/29","373/18723",0.000244660409798956,0.0383709076034696,0.0314195473636554,"148281/10397/8912/5179/4494",5
