"ID","Description","GeneRatio","BgRatio","pvalue","p.adjust","qvalue","geneID","Count"
"GO:0030330","DNA damage response, signal transduction by p53 class mediator","5/53","72/18723",1.81560526278722e-06,0.00339699744667489,0.00273869720165694,"144455/4193/55367/83667/25946",5
"GO:0042770","signal transduction in response to DNA damage","6/53","172/18723",8.84225916006987e-06,0.00827193344424536,0.00666892493493691,"144455/4193/55367/83667/25946/1112",6
"GO:2000134","negative regulation of G1/S transition of mitotic cell cycle","4/53","84/18723",9.33675376327329e-05,0.0349588625823181,0.0281842246366772,"144455/4193/138151/55367",4
"GO:0072331","signal transduction by p53 class mediator","5/53","163/18723",9.63033913624296e-05,0.0349588625823181,0.0281842246366772,"144455/4193/55367/83667/25946",5
"GO:1902807","negative regulation of cell cycle G1/S phase transition","4/53","93/18723",0.000138653783476744,0.0349588625823181,0.0281842246366772,"144455/4193/138151/55367",4
"GO:1902229","regulation of intrinsic apoptotic signaling pathway in response to DNA damage","3/53","36/18723",0.000143151219208031,0.0349588625823181,0.0281842246366772,"138151/598/25946",3
"GO:0006109","regulation of carbohydrate metabolic process","5/53","178/18723",0.000145611533991061,0.0349588625823181,0.0281842246366772,"51085/5208/2784/83667/9759",5
"GO:1901991","negative regulation of mitotic cell cycle phase transition","5/53","179/18723",0.000149476697305476,0.0349588625823181,0.0281842246366772,"144455/4193/138151/55367/1112",5
