"ID","Description","GeneRatio","BgRatio","pvalue","p.adjust","qvalue","geneID","Count"
"GO:0030330","DNA damage response, signal transduction by p53 class mediator","5/56","72/18723",2.39521999730726e-06,0.00470900251470607,0.00379201144836855,"144455/4193/55367/83667/25946",5
"GO:0042770","signal transduction in response to DNA damage","6/56","172/18723",1.22240523352395e-05,0.0120162434455405,0.0096763024801054,"144455/4193/55367/83667/25946/1112",6
"GO:2000134","negative regulation of G1/S transition of mitotic cell cycle","4/56","84/18723",0.000115919748705152,0.0424701514824586,0.034199875691823,"144455/4193/138151/55367",4
"GO:0072331","signal transduction by p53 class mediator","5/56","163/18723",0.000125524112283946,0.0424701514824586,0.034199875691823,"144455/4193/55367/83667/25946",5
"GO:0045595","regulation of cell differentiation","14/56","1554/18723",0.000144871393646076,0.0424701514824586,0.034199875691823,"4909/26154/374/4851/2784/4193/5613/54897/2817/55502/9759/4775/25946/84959",14
"GO:1902229","regulation of intrinsic apoptotic signaling pathway in response to DNA damage","3/56","36/18723",0.000168721540828554,0.0424701514824586,0.034199875691823,"138151/598/25946",3
"GO:1902807","negative regulation of cell cycle G1/S phase transition","4/56","93/18723",0.00017194797320236,0.0424701514824586,0.034199875691823,"144455/4193/138151/55367",4
"GO:0006109","regulation of carbohydrate metabolic process","5/56","178/18723",0.000189418464805447,0.0424701514824586,0.034199875691823,"51085/5208/2784/83667/9759",5
"GO:1901991","negative regulation of mitotic cell cycle phase transition","5/56","179/18723",0.000194420835881042,0.0424701514824586,0.034199875691823,"144455/4193/138151/55367/1112",5
