"ID","Description","GeneRatio","BgRatio","pvalue","p.adjust","qvalue","geneID","Count"
"GO:0045055","regulated exocytosis","5/28","230/18723",2.09009044577286e-05,0.0294075725720242,0.0222649634854962,"26154/116841/100431172/488/4851",5
"GO:0007267","cell-cell signaling","10/28","1641/18723",7.82090029724505e-05,0.0360663368792849,0.027306424959291,"57537/26154/374/116841/4909/117247/488/4851/8549/5208",10
"GO:0008544","epidermis development","5/28","324/18723",0.000106609090941653,0.0360663368792849,0.027306424959291,"26154/4909/488/4851/8549",5
"GO:0060562","epithelial tube morphogenesis","5/28","325/18723",0.000108163456421321,0.0360663368792849,0.027306424959291,"374/5613/342184/4851/8549",5
"GO:0032940","secretion by cell","7/28","792/18723",0.00012816750845517,0.0360663368792849,0.027306424959291,"26154/116841/117247/100431172/488/4851/5208",7
"GO:0006887","exocytosis","5/28","352/18723",0.000157158627452166,0.0368536981375328,0.0279025492950161,"26154/116841/100431172/488/4851",5
"GO:0140352","export from cell","7/28","859/18723",0.000211960447060688,0.0426040498591984,0.0322562364549499,"26154/116841/117247/100431172/488/4851/5208",7
