"ID","Description","GeneRatio","BgRatio","pvalue","p.adjust","qvalue","geneID","Count"
"GO:0048699","generation of neurons","17/59","1514/18723",2.58593082532275e-06,0.00282841935878196,0.00244133961916429,"23462/26508/1000/4884/7804/5015/10938/2288/6929/8437/6469/5396/3949/4744/150465/9742/482",17
"GO:0030182","neuron differentiation","16/59","1363/18723",3.12359951273546e-06,0.00282841935878196,0.00244133961916429,"23462/26508/1000/4884/7804/5015/10938/2288/6929/8437/6469/5396/4744/150465/9742/482",16
"GO:0022008","neurogenesis","17/59","1632/18723",7.13081366814069e-06,0.0043046345176676,0.00371552922708383,"23462/26508/1000/4884/7804/5015/10938/2288/6929/8437/6469/5396/3949/4744/150465/9742/482",17
"GO:0048666","neuron development","13/59","1104/18723",3.09682685455182e-05,0.0138073483772577,0.0119177612486429,"1000/4884/7804/5015/10938/2288/8437/6469/5396/4744/150465/9742/482",13
"GO:0031175","neuron projection development","12/59","963/18723",3.81207851387567e-05,0.0138073483772577,0.0119177612486429,"1000/4884/7804/5015/10938/2288/8437/6469/5396/4744/150465/482",12
"GO:0008589","regulation of smoothened signaling pathway","4/59","81/18723",0.000123462487710908,0.0372650942074091,0.032165227061526,"5015/6469/5396/9742",4
