"ID","Description","GeneRatio","BgRatio","pvalue","p.adjust","qvalue","geneID","Count"
"GO:0045055","regulated exocytosis","5/29","230/18723",2.50037335355505e-05,0.0357053314887662,0.0276357054866611,"26154/116841/100431172/4851/488",5
