"ID","Description","GeneRatio","BgRatio","pvalue","p.adjust","qvalue","geneID","Count"
"GO:0051049","regulation of transport","20/74","1759/18723",1.05495949808422e-05,0.0124173645265112,0.0109177562442397,"55638/4868/1000/23704/610/8912/7323/10938/9094/9572/6334/91543/6469/2922/684/6329/482/9943/388581/1143",20
"GO:0086010","membrane depolarization during action potential","4/74","36/18723",1.20323299675496e-05,0.0124173645265112,0.0109177562442397,"610/8912/6334/6329",4
