"ID","Description","GeneRatio","BgRatio","pvalue","p.adjust","qvalue","geneID","Count"
"GO:0032253","dense core granule localization","2/32","10/18723",0.000126265302167409,0.0405054124106353,0.0331037273044002,"55638/4133",2
"GO:0099519","dense core granule cytoskeletal transport","2/32","10/18723",0.000126265302167409,0.0405054124106353,0.0331037273044002,"55638/4133",2
"GO:1901950","dense core granule transport","2/32","10/18723",0.000126265302167409,0.0405054124106353,0.0331037273044002,"55638/4133",2
"GO:0061314","Notch signaling involved in heart development","2/32","11/18723",0.000154159514407746,0.0405054124106353,0.0331037273044002,"23462/26508",2
"GO:0032252","secretory granule localization","2/32","13/18723",0.000218159760924234,0.0458571817462741,0.0374775505082474,"55638/4133",2
