"ID","Description","GeneRatio","BgRatio","pvalue","p.adjust","qvalue","geneID","Count"
"GO:0034330","cell junction organization","6/21","694/18723",8.54602925050484e-05,0.0381633407641708,0.0294090683358012,"4744/3728/55638/23768/57633/84623",6
"GO:0050808","synapse organization","5/21","426/18723",8.96905775891207e-05,0.0381633407641708,0.0294090683358012,"4744/55638/23768/57633/84623",5
