"ID","Description","GeneRatio","BgRatio","pvalue","p.adjust","qvalue","geneID","Count"
"GO:0051049","regulation of transport","17/59","1759/18723",1.91908343257249e-05,0.0245051437329108,0.0207301999202692,"9094/4868/5901/6334/6469/1000/6329/2922/610/10938/9572/482/7323/27230/91543/124930/388581",17
"GO:0006897","endocytosis","10/59","633/18723",2.55928394077397e-05,0.0245051437329108,0.0207301999202692,"9094/3959/7804/6345/6469/57720/10938/10868/124930/821",10
"GO:0042063","gliogenesis","7/59","301/18723",4.3168338307263e-05,0.0275557892861362,0.023310902685922,"26227/7804/2043/6469/1000/9572/482",7
