"ID","Description","GeneRatio","BgRatio","pvalue","p.adjust","qvalue","geneID","Count"
"GO:0032253","dense core granule localization","3/71","10/18723",6.15233482533231e-06,0.00364013143832161,0.00328340395415103,"55638/6860/3798",3
"GO:0099519","dense core granule cytoskeletal transport","3/71","10/18723",6.15233482533231e-06,0.00364013143832161,0.00328340395415103,"55638/6860/3798",3
"GO:1901950","dense core granule transport","3/71","10/18723",6.15233482533231e-06,0.00364013143832161,0.00328340395415103,"55638/6860/3798",3
"GO:0032252","secretory granule localization","3/71","13/18723",1.45436819426424e-05,0.00645375886204757,0.00582130006177871,"55638/6860/3798",3
"GO:0030705","cytoskeleton-dependent intracellular transport","6/71","195/18723",9.64512471335151e-05,0.0342401927323979,0.0308847046084372,"55638/6860/7345/7846/283234/3798",6
