"ID","Description","GeneRatio","BgRatio","pvalue","p.adjust","qvalue","geneID","Count"
"GO:0006887","exocytosis","6/35","352/18723",4.33309007481606e-05,0.043356149986319,0.0333417897358657,"26154/4851/84958/116841/488/100431172",6
"GO:0045055","regulated exocytosis","5/35","230/18723",6.43704300963452e-05,0.043356149986319,0.0333417897358657,"26154/4851/116841/488/100431172",5
"GO:0032940","secretion by cell","8/35","792/18723",8.4241224066682e-05,0.043356149986319,0.0333417897358657,"26154/117247/4851/84958/116841/5208/488/100431172",8
"GO:0007267","cell-cell signaling","11/35","1641/18723",0.000130645556814408,0.0457382668429033,0.0351736876184858,"4909/57537/26154/117247/374/4851/116841/5208/488/8549/6330",11
"GO:0140352","export from cell","8/35","859/18723",0.000148116149102666,0.0457382668429033,0.0351736876184858,"26154/117247/4851/84958/116841/5208/488/100431172",8
