"ID","Description","GeneRatio","BgRatio","pvalue","p.adjust","qvalue","geneID","Count"
"GO:0032989","cellular component morphogenesis","6/18","744/18723",4.75280485407449e-05,0.0433478069702744,0.030167784238436,"10152/4744/1952/11214/6857/6469",6
"GO:0048791","calcium ion-regulated exocytosis of neurotransmitter","2/18","17/18723",0.000117711987307731,0.0433478069702744,0.030167784238436,"9783/6857",2
"GO:0048812","neuron projection morphogenesis","5/18","615/18723",0.000225845427436228,0.0433478069702744,0.030167784238436,"10152/4744/1952/6857/6469",5
"GO:0120039","plasma membrane bounded cell projection morphogenesis","5/18","630/18723",0.000252620918110617,0.0433478069702744,0.030167784238436,"10152/4744/1952/6857/6469",5
"GO:0045109","intermediate filament organization","2/18","25/18723",0.000258478270702501,0.0433478069702744,0.030167784238436,"4744/6469",2
"GO:0048858","cell projection morphogenesis","5/18","634/18723",0.0002601553657348,0.0433478069702744,0.030167784238436,"10152/4744/1952/6857/6469",5
"GO:0032990","cell part morphogenesis","5/18","652/18723",0.00029621438762099,0.0433478069702744,0.030167784238436,"10152/4744/1952/6857/6469",5
"GO:0035116","embryonic hindlimb morphogenesis","2/18","27/18723",0.000302075309897382,0.0433478069702744,0.030167784238436,"55636/6469",2
