"ID","Description","GeneRatio","BgRatio","pvalue","p.adjust","qvalue","geneID","Count"
"GO:0030330","DNA damage response, signal transduction by p53 class mediator","5/70","72/18723",7.2790844680327e-06,0.0153969518045346,0.0125359671310431,"144455/4193/25946/83667/55367",5
"GO:2000134","negative regulation of G1/S transition of mitotic cell cycle","5/70","84/18723",1.55137308971676e-05,0.0153969518045346,0.0125359671310431,"144455/138151/5925/4193/55367",5
"GO:1902807","negative regulation of cell cycle G1/S phase transition","5/70","93/18723",2.54463114597666e-05,0.0153969518045346,0.0125359671310431,"144455/138151/5925/4193/55367",5
"GO:0008544","epidermis development","8/70","324/18723",2.7408903968909e-05,0.0153969518045346,0.0125359671310431,"4909/26154/4851/488/8549/64434/1969/9555",8
