"ID","Description","GeneRatio","BgRatio","pvalue","p.adjust","qvalue","geneID","Count"
"GO:0071495","cellular response to endogenous stimulus","12/43","1345/18723",3.40488914970848e-05,0.0438702169525452,0.0326522936893151,"23089/1284/1282/493829/200734/255743/7532/4131/3096/376267/2782/81848",12
"GO:0030029","actin filament-based process","9/43","798/18723",6.78364098508248e-05,0.0438702169525452,0.0326522936893151,"287/3757/57221/9026/55561/54874/1809/57482/11214",9
"GO:1901381","positive regulation of potassium ion transmembrane transport","3/43","43/18723",0.00013060772578981,0.0438702169525452,0.0326522936893151,"287/3757/65268",3
"GO:0009719","response to endogenous stimulus","12/43","1601/18723",0.000183374482704199,0.0438702169525452,0.0326522936893151,"23089/1284/1282/493829/200734/255743/7532/4131/3096/376267/2782/81848",12
"GO:0043268","positive regulation of potassium ion transport","3/43","50/18723",0.00020512213576949,0.0438702169525452,0.0326522936893151,"287/3757/65268",3
"GO:0046903","secretion","9/43","935/18723",0.000225820011306984,0.0438702169525452,0.0326522936893151,"6854/6857/10079/55636/493829/9026/1952/8792/376267",9
"GO:0007267","cell-cell signaling","12/43","1641/18723",0.000231243613454681,0.0438702169525452,0.0326522936893151,"287/6854/65268/6857/55636/1952/2890/8792/7532/4131/1363/2782",12
"GO:0007167","enzyme linked receptor protein signaling pathway","9/43","963/18723",0.000281273004789688,0.0466913187950883,0.0347520199338839,"23089/1284/1282/493829/9026/200734/255743/3096/81848",9
"GO:0038063","collagen-activated tyrosine kinase receptor signaling pathway","2/43","12/18723",0.000335114021469856,0.049447935612441,0.0368037504280929,"1284/1282",2
