"ID","Description","GeneRatio","BgRatio","pvalue","p.adjust","qvalue","geneID","Count"
"GO:0006887","exocytosis","6/29","352/18723",1.39458144964677e-05,0.0177401489434731,0.0138441724628417,"26154/116841/4851/488/84958/100431172",6
"GO:0045055","regulated exocytosis","5/29","230/18723",2.50037335355505e-05,0.0177401489434731,0.0138441724628417,"26154/116841/4851/488/100431172",5
