"ID","Description","GeneRatio","BgRatio","pvalue","p.adjust","qvalue","geneID","Count"
"GO:0008544","epidermis development","6/39","324/18723",5.1687442215875e-05,0.0492072081481887,0.0392164303517714,"4909/26154/4851/8549/488/64434",6
"GO:0006887","exocytosis","6/39","352/18723",8.17556060276077e-05,0.0492072081481887,0.0392164303517714,"26154/116841/4851/100431172/84958/488",6
"GO:0045055","regulated exocytosis","5/39","230/18723",0.000109694649005475,0.0492072081481887,0.0392164303517714,"26154/116841/4851/100431172/488",5
"GO:0010830","regulation of myotube differentiation","3/39","46/18723",0.000119217948269385,0.0492072081481887,0.0392164303517714,"4851/55544/9759",3
