"ID","Description","GeneRatio","BgRatio","pvalue","p.adjust","qvalue","geneID","Count"
"GO:0019228","neuronal action potential","3/26","32/18723",1.14799961140376e-05,0.0101827565531514,0.00900273379469265,"6329/6334/1134",3
"GO:0035637","multicellular organismal signaling","4/26","160/18723",6.63131579838031e-05,0.0294098855658167,0.0260017382620702,"482/6329/6334/1134",4
"GO:0019226","transmission of nerve impulse","3/26","69/18723",0.000117203656519262,0.0346532144441951,0.0306374470550352,"6329/6334/1134",3
