"ID","Description","GeneRatio","BgRatio","pvalue","p.adjust","qvalue","geneID","Count"
"GO:0045055","regulated exocytosis","5/28","230/18723",2.09009044577286e-05,0.0287596445338346,0.0212969215948224,"26154/116841/100431172/4851/488",5
"GO:0007267","cell-cell signaling","10/28","1641/18723",7.82090029724505e-05,0.0352716983268629,0.0261191890914958,"57537/4909/26154/116841/374/117247/8549/4851/488/5208",10
"GO:0008544","epidermis development","5/28","324/18723",0.000106609090941653,0.0352716983268629,0.0261191890914958,"4909/26154/8549/4851/488",5
"GO:0060562","epithelial tube morphogenesis","5/28","325/18723",0.000108163456421321,0.0352716983268629,0.0261191890914958,"374/342184/8549/4851/5613",5
"GO:0032940","secretion by cell","7/28","792/18723",0.00012816750845517,0.0352716983268629,0.0261191890914958,"26154/116841/117247/100431172/4851/488/5208",7
"GO:0006887","exocytosis","5/28","352/18723",0.000157158627452166,0.0360417118956967,0.0266893949778415,"26154/116841/100431172/4851/488",5
"GO:0140352","export from cell","7/28","859/18723",0.000211960447060688,0.0416653678793582,0.0308537913916912,"26154/116841/117247/100431172/4851/488/5208",7
