"ID","Description","GeneRatio","BgRatio","pvalue","p.adjust","qvalue","geneID","Count"
"GO:0042063","gliogenesis","10/108","301/18723",9.58694174326293e-06,0.0226539433393303,0.0214242919167865,"26227/10397/1000/7804/5179/9572/3949/482/2043/9334",10
