"ID","Description","GeneRatio","BgRatio","pvalue","p.adjust","qvalue","geneID","Count"
"GO:0032989","cellular component morphogenesis","9/43","744/18723",3.93934200948125e-05,0.0357726832863201,0.0293110822380191,"7804/4009/2043/64753/6469/1000/4744/84033/54437",9
"GO:0014031","mesenchymal cell development","4/43","86/18723",4.46600290715607e-05,0.0357726832863201,0.0293110822380191,"26508/6469/1000/54437",4
