"ID","Description","GeneRatio","BgRatio","pvalue","p.adjust","qvalue","geneID","Count"
"GO:0030182","neuron differentiation","17/75","1363/18723",2.1197619138493e-05,0.0399363144569208,0.036526844768119,"816/11075/6860/57556/1641/3714/92211/5015/27242/7532/8609/7345/3371/3670/84623/204851/23768",17
