"ID","Description","GeneRatio","BgRatio","pvalue","p.adjust","qvalue","geneID","Count"
"GO:0045595","regulation of cell differentiation","15/49","1554/18723",5.99533699568759e-06,0.0110494060830522,0.00875950289475197,"4909/26154/4851/54897/374/5613/84959/4193/814/2784/2817/25946/4775/55502/9759",15
"GO:0030330","DNA damage response, signal transduction by p53 class mediator","4/49","72/18723",3.73660621757043e-05,0.0344328262949115,0.0272968917367777,"144455/4193/25946/83667",4
