"ID","Description","GeneRatio","BgRatio","pvalue","p.adjust","qvalue","geneID","Count"
"GO:0015031","protein transport","24/111","1596/18723",1.71481622323481e-05,0.0456998523492077,0.0416068567848025,"9094/55437/55638/5901/51534/3838/10628/388/7323/27230/6469/9572/1871/11260/821/388581/4600/3092/283576/91543/66008/26985/6745/5580",24
