"ID","Description","GeneRatio","BgRatio","pvalue","p.adjust","qvalue","geneID","Count"
"GO:0030330","DNA damage response, signal transduction by p53 class mediator","5/55","72/18723",2.18787370462629e-06,0.00422915987104262,0.00337393155502897,"4193/144455/25946/55367/83667",5
"GO:0042770","signal transduction in response to DNA damage","6/55","172/18723",1.09974456372019e-05,0.0106290312083556,0.00847960939921092,"4193/144455/25946/55367/1112/83667",6
"GO:0008544","epidermis development","7/55","324/18723",4.33420277465532e-05,0.0279267132113624,0.0222793230346317,"4909/4851/26154/488/8549/1969/64434",7
"GO:2000134","negative regulation of G1/S transition of mitotic cell cycle","4/55","84/18723",0.000108007123462549,0.0445052765216578,0.0355053394528433,"4193/144455/138151/55367",4
"GO:0072331","signal transduction by p53 class mediator","5/55","163/18723",0.000115119701297615,0.0445052765216578,0.0355053394528433,"4193/144455/25946/55367/83667",5
"GO:1902807","negative regulation of cell cycle G1/S phase transition","4/55","93/18723",0.000160271897739738,0.0492724776369835,0.0393085085839741,"4193/144455/138151/55367",4
"GO:1901991","negative regulation of mitotic cell cycle phase transition","5/55","179/18723",0.000178431114050121,0.0492724776369835,0.0393085085839741,"4193/144455/138151/55367/1112",5
