"ID","Description","GeneRatio","BgRatio","pvalue","p.adjust","qvalue","geneID","Count"
"GO:0030330","DNA damage response, signal transduction by p53 class mediator","5/55","72/18723",2.18787370462629e-06,0.00430573545070455,0.00344762835350059,"4193/144455/25946/55367/83667",5
"GO:0042770","signal transduction in response to DNA damage","6/55","172/18723",1.09974456372019e-05,0.0108214865070066,0.00866482953625853,"4193/144455/25946/55367/1112/83667",6
"GO:2000134","negative regulation of G1/S transition of mitotic cell cycle","4/55","84/18723",0.000108007123462549,0.0438940540563299,0.035146233912241,"4193/144455/138151/55367",4
"GO:0072331","signal transduction by p53 class mediator","5/55","163/18723",0.000115119701297615,0.0438940540563299,0.035146233912241,"4193/144455/25946/55367/83667",5
"GO:1902229","regulation of intrinsic apoptotic signaling pathway in response to DNA damage","3/55","36/18723",0.000159893772714708,0.0438940540563299,0.035146233912241,"25946/138151/598",3
"GO:1902807","negative regulation of cell cycle G1/S phase transition","4/55","93/18723",0.000160271897739738,0.0438940540563299,0.035146233912241,"4193/144455/138151/55367",4
"GO:0006109","regulation of carbohydrate metabolic process","5/55","178/18723",0.000173832520852714,0.0438940540563299,0.035146233912241,"51085/5208/9759/2784/83667",5
"GO:1901991","negative regulation of mitotic cell cycle phase transition","5/55","179/18723",0.000178431114050121,0.0438940540563299,0.035146233912241,"4193/144455/138151/55367/1112",5
