"ID","Description","GeneRatio","BgRatio","pvalue","p.adjust","qvalue","geneID","Count"
"GO:0008544","epidermis development","6/36","324/18723",3.22336517051127e-05,0.0382191364659531,0.0294345914421331,"4909/26154/8549/4851/488/64434",6
"GO:0006887","exocytosis","6/36","352/18723",5.11804559435211e-05,0.0382191364659531,0.0294345914421331,"26154/116841/100431172/4851/488/84958",6
"GO:0045055","regulated exocytosis","5/36","230/18723",7.40096349043361e-05,0.0382191364659531,0.0294345914421331,"26154/116841/100431172/4851/488",5
"GO:0032940","secretion by cell","8/36","792/18723",0.000104329070224841,0.0382191364659531,0.0294345914421331,"26154/116841/117247/100431172/4851/488/5208/84958",8
"GO:0009888","tissue development","12/36","1870/18723",0.000120946634385927,0.0382191364659531,0.0294345914421331,"4909/26154/374/342184/144455/8549/4851/5613/488/4193/2817/64434",12
"GO:0140352","export from cell","8/36","859/18723",0.000182847791815274,0.0481499185113555,0.0370828153225363,"26154/116841/117247/100431172/4851/488/5208/84958",8
