"ID","Description","GeneRatio","BgRatio","pvalue","p.adjust","qvalue","geneID","Count"
"GO:0099536","synaptic signaling","11/49","748/18723",2.79368398981075e-06,0.00441122701991118,0.00396997198552054,"4842/9094/26012/9783/9381/2043/1134/1000/148281/3838/5179",11
"GO:0006337","nucleosome disassembly","3/49","18/18723",1.33708369646572e-05,0.00587739908487064,0.00528948286028824,"6605/6599/6418",3
"GO:0099537","trans-synaptic signaling","10/49","724/18723",1.470678041688e-05,0.00587739908487064,0.00528948286028824,"4842/9094/26012/9783/9381/2043/1134/1000/148281/5179",10
"GO:0031498","chromatin disassembly","3/49","20/18723",1.86111433973105e-05,0.00587739908487064,0.00528948286028824,"6605/6599/6418",3
"GO:0032986","protein-DNA complex disassembly","3/49","20/18723",1.86111433973105e-05,0.00587739908487064,0.00528948286028824,"6605/6599/6418",3
"GO:0007268","chemical synaptic transmission","9/49","716/18723",8.6592630648961e-05,0.0195328233992442,0.01757895509415,"9094/26012/9783/9381/2043/1134/1000/148281/5179",9
"GO:0098916","anterograde trans-synaptic signaling","9/49","716/18723",8.6592630648961e-05,0.0195328233992442,0.01757895509415,"9094/26012/9783/9381/2043/1134/1000/148281/5179",9
