"ID","Description","GeneRatio","BgRatio","pvalue","p.adjust","qvalue","geneID","Count"
"GO:0045595","regulation of cell differentiation","14/47","1554/18723",1.73173795312676e-05,0.0280797199253695,0.022713558474843,"4909/26154/4851/54897/374/5613/84959/4193/814/2784/2817/25946/4775/55502",14
"GO:0030330","DNA damage response, signal transduction by p53 class mediator","4/47","72/18723",3.16391210426698e-05,0.0280797199253695,0.022713558474843,"144455/4193/25946/83667",4
