"ID","Description","GeneRatio","BgRatio","pvalue","p.adjust","qvalue","geneID","Count"
"GO:0086010","membrane depolarization during action potential","3/32","36/18723",3.11618104366145e-05,0.0320343411288397,0.028176837015844,"6334/610/8912",3
"GO:0001508","action potential","4/32","134/18723",7.72120750978644e-05,0.0396870066003023,0.0349079855310871,"23704/6334/610/8912",4
