"ID","Description","GeneRatio","BgRatio","pvalue","p.adjust","qvalue","geneID","Count"
"GO:1902229","regulation of intrinsic apoptotic signaling pathway in response to DNA damage","3/33","36/18723",3.42327326278454e-05,0.0393836431169075,0.0308084878404357,"25946/138151/598",3
"GO:0045055","regulated exocytosis","5/33","230/18723",4.80109251280731e-05,0.0393836431169075,0.0308084878404357,"26154/116841/4851/100431172/488",5
"GO:0010830","regulation of myotube differentiation","3/33","46/18723",7.19117038044568e-05,0.0393836431169075,0.0308084878404357,"4851/55544/9759",3
"GO:0045668","negative regulation of osteoblast differentiation","3/33","51/18723",9.80631422308722e-05,0.0402794356713308,0.0315092359641829,"4851/374/9759",3
