"ID","Description","GeneRatio","BgRatio","pvalue","p.adjust","qvalue","geneID","Count"
"GO:0030330","DNA damage response, signal transduction by p53 class mediator","5/69","72/18723",6.77931748844064e-06,0.0151382159516879,0.0121100018714566,"144455/4193/55367/83667/25946",5
"GO:2000134","negative regulation of G1/S transition of mitotic cell cycle","5/69","84/18723",1.44562628386838e-05,0.0161404174593905,0.0129117252827613,"144455/4193/138151/55367/5925",5
"GO:1902807","negative regulation of cell cycle G1/S phase transition","5/69","93/18723",2.37212353319718e-05,0.0168891156614131,0.0135106556095968,"144455/4193/138151/55367/5925",5
"GO:0072331","signal transduction by p53 class mediator","6/69","163/18723",3.02536778529568e-05,0.0168891156614131,0.0135106556095968,"144455/4193/55367/83667/8805/25946",6
"GO:0042770","signal transduction in response to DNA damage","6/69","172/18723",4.08977637323768e-05,0.0182649412828795,0.0146112642218618,"144455/4193/55367/83667/25946/1112",6
"GO:1901991","negative regulation of mitotic cell cycle phase transition","6/69","179/18723",5.10977933525209e-05,0.0190168954260298,0.0152127991788119,"144455/4193/138151/55367/5925/1112",6
"GO:2000045","regulation of G1/S transition of mitotic cell cycle","5/69","142/18723",0.000177938434776111,0.0473867528845214,0.0379076152662375,"144455/4193/138151/55367/5925",5
"GO:0008544","epidermis development","7/69","324/18723",0.000187418996479036,0.0473867528845214,0.0379076152662375,"4909/26154/4851/8549/64434/1969/488",7
"GO:0060562","epithelial tube morphogenesis","7/69","325/18723",0.000190990047452169,0.0473867528845214,0.0379076152662375,"374/342184/4851/5613/8549/23242/1969",7
