"ID","Description","GeneRatio","BgRatio","pvalue","p.adjust","qvalue","geneID","Count"
"GO:0035637","multicellular organismal signaling","6/68","160/18723",2.505557988181e-05,0.0381067490619072,0.0327978971593147,"23704/6334/8912/6329/482/478",6
"GO:0140352","export from cell","12/68","859/18723",5.47715129183124e-05,0.0381067490619072,0.0327978971593147,"23704/388581/9783/9572/27230/2922/91543/8912/9381/1143/482/478",12
"GO:0048699","generation of neurons","16/68","1514/18723",7.99621436045857e-05,0.0381067490619072,0.0327978971593147,"7804/4884/4009/26508/23462/26227/10938/26012/4744/9572/23017/9742/2288/2043/5015/482",16
"GO:0030182","neuron differentiation","15/68","1363/18723",8.9086496930233e-05,0.0381067490619072,0.0327978971593147,"7804/4884/4009/26508/23462/26227/10938/26012/4744/23017/9742/2288/2043/5015/482",15
"GO:0051049","regulation of transport","17/68","1759/18723",0.000137510418117346,0.0450746747065094,0.0387950843854974,"23704/9094/388581/9783/10938/4744/9572/684/27230/2922/6334/91543/8912/4600/6329/1143/482",17
"GO:0042391","regulation of membrane potential","8/68","434/18723",0.000171054896643446,0.0450746747065094,0.0387950843854974,"23704/9783/6334/8912/6329/1143/482/478",8
"GO:0022008","neurogenesis","16/68","1632/18723",0.000192405004360189,0.0450746747065094,0.0387950843854974,"7804/4884/4009/26508/23462/26227/10938/26012/4744/9572/23017/9742/2288/2043/5015/482",16
"GO:0019228","neuronal action potential","3/68","32/18723",0.000210752424109921,0.0450746747065094,0.0387950843854974,"6334/8912/6329",3
