"ID","Description","GeneRatio","BgRatio","pvalue","p.adjust","qvalue","geneID","Count"
"GO:0017156","calcium-ion regulated exocytosis","3/24","64/18723",7.32448222157923e-05,0.0372615149440034,0.0287295036565728,"9783/8912/6854",3
"GO:0048934","peripheral nervous system neuron differentiation","2/24","12/18723",0.000103122273830268,0.0372615149440034,0.0287295036565728,"3670/4744",2
"GO:0048935","peripheral nervous system neuron development","2/24","12/18723",0.000103122273830268,0.0372615149440034,0.0287295036565728,"3670/4744",2
