"ID","Description","GeneRatio","BgRatio","pvalue","p.adjust","qvalue","geneID","Count"
"GO:0048934","peripheral nervous system neuron differentiation","3/43","12/18723",2.44681025311439e-06,0.00176170338224236,0.0015080077928405,"4744/3670/2115",3
"GO:0048935","peripheral nervous system neuron development","3/43","12/18723",2.44681025311439e-06,0.00176170338224236,0.0015080077928405,"4744/3670/2115",3
"GO:0061564","axon development","7/43","467/18723",8.50449413151211e-05,0.0408215718312581,0.0349430267649147,"4744/3670/66008/27242/5015/2115/3730",7
