"ID","Description","GeneRatio","BgRatio","pvalue","p.adjust","qvalue","geneID","Count"
"GO:0007411","axon guidance","5/34","227/18723",5.2360393834681e-05,0.0262578877158421,0.0209052913153111,"4009/7408/7204/2043/6091",5
"GO:0097485","neuron projection guidance","5/34","228/18723",5.34651650680241e-05,0.0262578877158421,0.0209052913153111,"4009/7408/7204/2043/6091",5
"GO:0045595","regulation of cell differentiation","11/34","1554/18723",5.91871265326169e-05,0.0262578877158421,0.0209052913153111,"639/4009/30812/7204/57609/2043/252995/6091/55544/4097/55502",11
"GO:0007409","axonogenesis","6/34","418/18723",9.45639158631335e-05,0.0262578877158421,0.0209052913153111,"4009/7408/7204/57609/2043/6091",6
"GO:0034332","adherens junction organization","3/34","49/18723",9.52062643794128e-05,0.0262578877158421,0.0209052913153111,"55765/2043/1832",3
"GO:0061564","axon development","6/34","467/18723",0.00017326056558282,0.0398210533231181,0.0317036438426107,"4009/7408/7204/57609/2043/6091",6
"GO:0048699","generation of neurons","10/34","1514/18723",0.000250479639520135,0.0493444889854666,0.0392857539878948,"639/4009/30812/7408/7204/57609/2043/6091/50807/55502",10
