"ID","Description","GeneRatio","BgRatio","pvalue","p.adjust","qvalue","geneID","Count"
"GO:0017156","calcium-ion regulated exocytosis","3/22","64/18723",5.60025035217667e-05,0.0256232059065482,0.0201530832972851,"9783/8912/6854",3
"GO:0048934","peripheral nervous system neuron differentiation","2/22","12/18723",8.63703569883646e-05,0.0256232059065482,0.0201530832972851,"4744/3670",2
"GO:0048935","peripheral nervous system neuron development","2/22","12/18723",8.63703569883646e-05,0.0256232059065482,0.0201530832972851,"4744/3670",2
"GO:0072384","organelle transport along microtubule","3/22","85/18723",0.000130656401194838,0.0290710492658515,0.0228648702090967,"4744/22920/66008",3
