"ID","Description","GeneRatio","BgRatio","pvalue","p.adjust","qvalue","geneID","Count"
"GO:0061564","axon development","8/50","467/18723",3.01904837996357e-05,0.0236413036256872,0.020992686171212,"4744/3670/66008/4884/27242/5015/3730/23022",8
"GO:0060384","innervation","3/50","23/18723",3.05640641573202e-05,0.0236413036256872,0.020992686171212,"3670/4884/55636",3
"GO:0048667","cell morphogenesis involved in neuron differentiation","8/50","544/18723",8.83891640248408e-05,0.0443519195379827,0.0393830197646157,"4744/3670/7804/66008/4884/5015/3730/23022",8
"GO:0007409","axonogenesis","7/50","418/18723",0.000114678524985088,0.0443519195379827,0.0393830197646157,"4744/3670/66008/4884/5015/3730/23022",7
"GO:0031175","neuron projection development","10/50","963/18723",0.000194025099775248,0.048862675622631,0.0433884201595846,"4744/3670/7804/66008/4884/27242/5015/10565/3730/23022",10
"GO:0048812","neuron projection morphogenesis","8/50","615/18723",0.000205561589441562,0.048862675622631,0.0433884201595846,"4744/3670/7804/66008/4884/5015/3730/23022",8
"GO:0120039","plasma membrane bounded cell projection morphogenesis","8/50","630/18723",0.000242089268428725,0.048862675622631,0.0433884201595846,"4744/3670/7804/66008/4884/5015/3730/23022",8
"GO:0048858","cell projection morphogenesis","8/50","634/18723",0.000252683519703328,0.048862675622631,0.0433884201595846,"4744/3670/7804/66008/4884/5015/3730/23022",8
