"ID","Description","GeneRatio","BgRatio","pvalue","p.adjust","qvalue","geneID","Count"
"GO:0007411","axon guidance","4/21","227/18723",0.00010709544900822,0.049562437472094,0.0383542749205679,"4009/2043/6091/7408",4
"GO:0097485","neuron projection guidance","4/21","228/18723",0.000108928434004602,0.049562437472094,0.0383542749205679,"4009/2043/6091/7408",4
