"ID","Description","GeneRatio","BgRatio","pvalue","p.adjust","qvalue","geneID","Count"
"GO:0060384","innervation","3/24","23/18723",3.22265357071214e-06,0.00285849371722167,0.0022728188340812,"3670/4884/55636",3
"GO:0017156","calcium-ion regulated exocytosis","3/24","64/18723",7.32448222157923e-05,0.0225650493567444,0.0179417113499303,"9783/8912/6854",3
"GO:0048934","peripheral nervous system neuron differentiation","2/24","12/18723",0.000103122273830268,0.0225650493567444,0.0179417113499303,"3670/4744",2
"GO:0048935","peripheral nervous system neuron development","2/24","12/18723",0.000103122273830268,0.0225650493567444,0.0179417113499303,"3670/4744",2
"GO:0021675","nerve development","3/24","77/18723",0.000127198699868909,0.0225650493567444,0.0179417113499303,"3670/4884/55636",3
"GO:0023061","signal release","5/24","463/18723",0.000260710701499664,0.0373823732480825,0.0297231235699463,"3670/9783/1143/6854/55636",5
"GO:0003215","cardiac right ventricle morphogenesis","2/24","20/18723",0.000295013092149467,0.0373823732480825,0.0297231235699463,"3670/55636",2
"GO:0032940","secretion by cell","6/24","792/18723",0.000393144831554241,0.0435899331985765,0.0346588206764923,"3670/9783/1143/8912/6854/55636",6
