"ID","Description","GeneRatio","BgRatio","pvalue","p.adjust","qvalue","geneID","Count"
"GO:0017156","calcium-ion regulated exocytosis","3/24","64/18723",7.32448222157923e-05,0.0301117039584382,0.0239894973857781,"9783/8912/6854",3
"GO:0048934","peripheral nervous system neuron differentiation","2/24","12/18723",0.000103122273830268,0.0301117039584382,0.0239894973857781,"3670/4744",2
"GO:0048935","peripheral nervous system neuron development","2/24","12/18723",0.000103122273830268,0.0301117039584382,0.0239894973857781,"3670/4744",2
"GO:0023061","signal release","5/24","463/18723",0.000260710701499664,0.049199267491645,0.0391962441083401,"3670/9783/1143/6854/55636",5
"GO:0003215","cardiac right ventricle morphogenesis","2/24","20/18723",0.000295013092149467,0.049199267491645,0.0391962441083401,"3670/55636",2
"GO:0060384","innervation","2/24","23/18723",0.000391911689191724,0.049199267491645,0.0391962441083401,"3670/55636",2
"GO:0032940","secretion by cell","6/24","792/18723",0.000393144831554241,0.049199267491645,0.0391962441083401,"3670/9783/1143/8912/6854/55636",6
