"ID","Description","GeneRatio","BgRatio","pvalue","p.adjust","qvalue","geneID","Count"
"GO:0016192","vesicle-mediated transport","15/55","1569/18723",3.15048394080974e-05,0.0487694914037348,0.0431782114835188,"9805/132299/7804/1184/1000/9783/112574/10938/2885/26985/6854/10121/10565/66008/8912",15
