"ID","Description","GeneRatio","BgRatio","pvalue","p.adjust","qvalue","geneID","Count"
"GO:0048934","peripheral nervous system neuron differentiation","2/22","12/18723",8.63703569883646e-05,0.0403781418920605,0.0327298194903276,"4744/3670",2
"GO:0048935","peripheral nervous system neuron development","2/22","12/18723",8.63703569883646e-05,0.0403781418920605,0.0327298194903276,"4744/3670",2
"GO:0023061","signal release","5/22","463/18723",0.000168251577090335,0.0462319561789184,0.0374748195314622,"9783/3670/55636/6854/1143",5
"GO:0032940","secretion by cell","6/22","792/18723",0.000234293980631157,0.0462319561789184,0.0374748195314622,"9783/3670/9805/55636/6854/1143",6
"GO:0003215","cardiac right ventricle morphogenesis","2/22","20/18723",0.00024722971218673,0.0462319561789184,0.0374748195314622,"3670/55636",2
"GO:0060384","innervation","2/22","23/18723",0.000328503644609596,0.0485134799613416,0.0393241830252361,"3670/55636",2
"GO:0140352","export from cell","6/22","859/18723",0.00036320252377475,0.0485134799613416,0.0393241830252361,"9783/3670/9805/55636/6854/1143",6
