"ID","Description","GeneRatio","BgRatio","pvalue","p.adjust","qvalue","geneID","Count"
"GO:0048934","peripheral nervous system neuron differentiation","2/21","12/18723",7.85464748336753e-05,0.0314724765578493,0.0243898783371443,"4744/3670",2
"GO:0048935","peripheral nervous system neuron development","2/21","12/18723",7.85464748336753e-05,0.0314724765578493,0.0243898783371443,"4744/3670",2
"GO:0072384","organelle transport along microtubule","3/21","85/18723",0.000113210347330393,0.0314724765578493,0.0243898783371443,"4744/22920/66008",3
