"ID","Description","GeneRatio","BgRatio","pvalue","p.adjust","qvalue","geneID","Count"
"GO:0048934","peripheral nervous system neuron differentiation","3/21","12/18723",2.65796438104757e-07,0.000113362180851679,8.79926102988905e-05,"4744/3670/2115",3
"GO:0048935","peripheral nervous system neuron development","3/21","12/18723",2.65796438104757e-07,0.000113362180851679,8.79926102988905e-05,"4744/3670/2115",3
"GO:0007422","peripheral nervous system development","3/21","80/18723",9.45120742089204e-05,0.0235688041839197,0.0182942899138465,"4744/3670/2115",3
"GO:0072384","organelle transport along microtubule","3/21","85/18723",0.000113210347330393,0.0235688041839197,0.0182942899138465,"4744/22920/26985",3
"GO:0061564","axon development","5/21","467/18723",0.000138152427807267,0.0235688041839197,0.0182942899138465,"4744/3670/4884/27242/2115",5
"GO:0060384","innervation","2/21","23/18723",0.000298862945320548,0.0424883487264046,0.0329797881766008,"3670/4884",2
