"ID","Description","GeneRatio","BgRatio","pvalue","p.adjust","qvalue","geneID","Count"
"GO:0017156","calcium-ion regulated exocytosis","3/20","64/18723",4.16593409633594e-05,0.0169196989667818,0.0138440703620285,"9783/8912/6854",3
"GO:0048934","peripheral nervous system neuron differentiation","2/20","12/18723",7.10911721293354e-05,0.0169196989667818,0.0138440703620285,"3670/4744",2
"GO:0048935","peripheral nervous system neuron development","2/20","12/18723",7.10911721293354e-05,0.0169196989667818,0.0138440703620285,"3670/4744",2
