"ID","Description","GeneRatio","BgRatio","pvalue","p.adjust","qvalue","geneID","Count"
"GO:0016192","vesicle-mediated transport","18/70","1569/18723",1.28297556244614e-05,0.0218234143172088,0.0195147335551018,"9805/132299/7804/1184/1000/9783/372/112574/10938/2885/488/26985/6854/10121/10565/66008/8912/388",18
