"ID","Description","GeneRatio","BgRatio","pvalue","p.adjust","qvalue","geneID","Count"
"GO:0016192","vesicle-mediated transport","18/61","1569/18723",1.50272945356389e-06,0.00244043263258776,0.00214494856740277,"9805/132299/7804/1184/1000/9783/372/112574/10938/2885/488/26985/6854/10121/10565/66008/8912/388",18
"GO:0017156","calcium-ion regulated exocytosis","4/61","64/18723",5.59738033830215e-05,0.0454507283470135,0.039947619677567,"9783/488/6854/8912",4
