"ID","Description","GeneRatio","BgRatio","pvalue","p.adjust","qvalue","geneID","Count"
"GO:0090136","epithelial cell-cell adhesion","3/76","17/18723",4.19534903376034e-05,0.0442209716153958,0.0389599414722393,"3728/11149/1832",3
"GO:0006942","regulation of striated muscle contraction","5/76","95/18723",4.20351441210986e-05,0.0442209716153958,0.0389599414722393,"6329/4842/3728/488/1832",5
