"ID","Description","GeneRatio","BgRatio","pvalue","p.adjust","qvalue","geneID","Count"
"GO:0045595","regulation of cell differentiation","12/36","1554/18723",1.94756767505771e-05,0.0273438501578103,0.0223662771946101,"639/4009/2784/30812/7204/57609/2043/252995/6091/55544/4097/55502",12
"GO:0007411","axon guidance","5/36","227/18723",6.95547301273627e-05,0.0332354923732145,0.0271854267350255,"4009/7408/7204/2043/6091",5
"GO:0097485","neuron projection guidance","5/36","228/18723",7.10160093444755e-05,0.0332354923732145,0.0271854267350255,"4009/7408/7204/2043/6091",5
"GO:0034332","adherens junction organization","3/36","49/18723",0.000113181130381721,0.0370346246344388,0.030292979064457,"55765/2043/1832",3
"GO:0007409","axonogenesis","6/36","418/18723",0.000131889688869084,0.0370346246344388,0.030292979064457,"4009/7408/7204/57609/2043/6091",6
