"ID","Description","GeneRatio","BgRatio","pvalue","p.adjust","qvalue","geneID","Count"
"GO:0048934","peripheral nervous system neuron differentiation","2/20","12/18723",7.10911721293354e-05,0.0319554818721363,0.0255554055601769,"4744/3670",2
"GO:0048935","peripheral nervous system neuron development","2/20","12/18723",7.10911721293354e-05,0.0319554818721363,0.0255554055601769,"4744/3670",2
