"ID","Description","GeneRatio","BgRatio","pvalue","p.adjust","qvalue","geneID","Count"
"GO:0006942","regulation of striated muscle contraction","5/75","95/18723",3.94268409170191e-05,0.0420134973754181,0.036627586862295,"6329/4842/3728/488/1832",5
"GO:0090136","epithelial cell-cell adhesion","3/75","17/18723",4.03200550627813e-05,0.0420134973754181,0.036627586862295,"3728/11149/1832",3
