"ID","Description","GeneRatio","BgRatio","pvalue","p.adjust","qvalue","geneID","Count"
"GO:0061564","axon development","6/26","467/18723",3.51201393506998e-05,0.0279362518462826,0.0223249961048703,"3670/4744/66008/3730/5015/27242",6
"GO:0017156","calcium-ion regulated exocytosis","3/26","64/18723",9.3631071289038e-05,0.0279362518462826,0.0223249961048703,"9783/8912/6854",3
"GO:0048934","peripheral nervous system neuron differentiation","2/26","12/18723",0.00012134375388528,0.0279362518462826,0.0223249961048703,"3670/4744",2
"GO:0048935","peripheral nervous system neuron development","2/26","12/18723",0.00012134375388528,0.0279362518462826,0.0223249961048703,"3670/4744",2
"GO:0030705","cytoskeleton-dependent intracellular transport","4/26","195/18723",0.000142531897174911,0.0279362518462826,0.0223249961048703,"4744/66008/283234/26985",4
"GO:0072384","organelle transport along microtubule","3/26","85/18723",0.000217714756127467,0.0338561271958439,0.027055809488408,"4744/66008/26985",3
"GO:0007409","axonogenesis","5/26","418/18723",0.000241829479970314,0.0338561271958439,0.027055809488408,"3670/4744/66008/3730/5015",5
"GO:0071495","cellular response to endogenous stimulus","8/26","1345/18723",0.000336574469751263,0.0412303725445297,0.032948869144071,"3670/23089/1030/8912/255743/8549/5015/2549",8
