"ID","Description","GeneRatio","BgRatio","pvalue","p.adjust","qvalue","geneID","Count"
"GO:0050821","protein stabilization","7/83","191/18723",2.22288551051352e-05,0.0488145658108769,0.0436621511854551,"55729/2043/5580/10694/3092/8863/482",7
