"ID","Description","GeneRatio","BgRatio","pvalue","p.adjust","qvalue","geneID","Count"
"GO:0007411","axon guidance","5/34","227/18723",5.2360393834681e-05,0.0334412003632688,0.0265575369058362,"4009/7408/7204/2043/6091",5
"GO:0097485","neuron projection guidance","5/34","228/18723",5.34651650680241e-05,0.0334412003632688,0.0265575369058362,"4009/7408/7204/2043/6091",5
"GO:0007409","axonogenesis","6/34","418/18723",9.45639158631335e-05,0.0334412003632688,0.0265575369058362,"4009/7408/7204/57609/2043/6091",6
"GO:0034332","adherens junction organization","3/34","49/18723",9.52062643794128e-05,0.0334412003632688,0.0265575369058362,"55765/2043/1832",3
"GO:0061564","axon development","6/34","467/18723",0.00017326056558282,0.0486862189287723,0.0386644630563766,"4009/7408/7204/57609/2043/6091",6
