"ID","Description","GeneRatio","BgRatio","pvalue","p.adjust","qvalue","geneID","Count"
"GO:0060384","innervation","3/29","23/18723",5.79470638361918e-06,0.00650166056242072,0.00533112987292964,"3670/55636/4884",3
"GO:0017156","calcium-ion regulated exocytosis","3/29","64/18723",0.000130628068902067,0.0424745679269719,0.034827631455271,"9783/8912/6854",3
"GO:0048934","peripheral nervous system neuron differentiation","2/29","12/18723",0.000151424484588135,0.0424745679269719,0.034827631455271,"3670/4744",2
"GO:0048935","peripheral nervous system neuron development","2/29","12/18723",0.000151424484588135,0.0424745679269719,0.034827631455271,"3670/4744",2
