"ID","Description","GeneRatio","BgRatio","pvalue","p.adjust","qvalue","geneID","Count"
"GO:0014706","striated muscle tissue development","11/114","384/18723",2.27808800634047e-05,0.0304486288319117,0.026667881607305,"221662/9686/10611/1832/5997/11149/4868/3164/2047/6443/23462",11
"GO:0006942","regulation of striated muscle contraction","6/114","95/18723",2.4967783902838e-05,0.0304486288319117,0.026667881607305,"6329/4842/1832/5997/3728/3164",6
"GO:0060537","muscle tissue development","11/114","403/18723",3.54328496880276e-05,0.0304486288319117,0.026667881607305,"221662/9686/10611/1832/5997/11149/4868/3164/2047/6443/23462",11
"GO:0007264","small GTPase mediated signal transduction","12/114","502/18723",5.60448488430245e-05,0.0361209050793293,0.0316358423074441,"139818/153020/6091/7204/56882/23348/388/11261/5516/4254/6236/23362",12
