"ID","Description","GeneRatio","BgRatio","pvalue","p.adjust","qvalue","geneID","Count"
"GO:0007411","axon guidance","5/31","227/18723",3.29332036279736e-05,0.0204149529667402,0.0170640897077409,"6091/4009/2043/7408/23768",5
"GO:0097485","neuron projection guidance","5/31","228/18723",3.3632541955091e-05,0.0204149529667402,0.0170640897077409,"6091/4009/2043/7408/23768",5
"GO:0000904","cell morphogenesis involved in differentiation","7/31","694/18723",0.000112671521728728,0.0455944091262254,0.0381106480514014,"6091/4009/2043/25861/7408/23768/79834",7
"GO:0022008","neurogenesis","10/31","1632/18723",0.000197920549331916,0.0476688679698284,0.0398446100085967,"639/5179/6091/4009/2043/6929/25861/7408/23768/9139",10
"GO:0048667","cell morphogenesis involved in neuron differentiation","6/31","544/18723",0.000232012670624444,0.0476688679698284,0.0398446100085967,"6091/4009/2043/25861/7408/23768",6
"GO:0030182","neuron differentiation","9/31","1363/18723",0.000259727387307415,0.0476688679698284,0.0398446100085967,"639/6091/4009/2043/6929/25861/7408/23768/9139",9
"GO:0045217","cell-cell junction maintenance","2/31","15/18723",0.000274861676926523,0.0476688679698284,0.0398446100085967,"55765/25861",2
