"ID","Description","GeneRatio","BgRatio","pvalue","p.adjust","qvalue","geneID","Count"
"GO:0097479","synaptic vesicle localization","3/30","53/18723",8.23822690831281e-05,0.0407184231091501,0.033810001535548,"1000/26985/6854",3
"GO:0048934","peripheral nervous system neuron differentiation","2/30","12/18723",0.000162182751470273,0.0407184231091501,0.033810001535548,"3670/4744",2
"GO:0048935","peripheral nervous system neuron development","2/30","12/18723",0.000162182751470273,0.0407184231091501,0.033810001535548,"3670/4744",2
"GO:0051648","vesicle localization","4/30","177/18723",0.000174593924846846,0.0407184231091501,0.033810001535548,"22920/1000/26985/6854",4
"GO:0097091","synaptic vesicle clustering","2/30","14/18723",0.000223170298245607,0.0407184231091501,0.033810001535548,"1000/6854",2
"GO:0030705","cytoskeleton-dependent intracellular transport","4/30","195/18723",0.00025290946030528,0.0407184231091501,0.033810001535548,"4744/22920/283234/26985",4
"GO:0072384","organelle transport along microtubule","3/30","85/18723",0.000335543828548391,0.046305048339678,0.0384487815569736,"4744/22920/26985",3
