"ID","Description","GeneRatio","BgRatio","pvalue","p.adjust","qvalue","geneID","Count"
"GO:0048934","peripheral nervous system neuron differentiation","3/42","12/18723",2.27692416363243e-06,0.00163483154948808,0.00140330431348083,"4744/3670/2115",3
"GO:0048935","peripheral nervous system neuron development","3/42","12/18723",2.27692416363243e-06,0.00163483154948808,0.00140330431348083,"4744/3670/2115",3
"GO:0061564","axon development","7/42","467/18723",7.27470193293501e-05,0.0348215732523156,0.0298900910998839,"4744/3670/66008/27242/5015/2115/3730",7
