"ID","Description","GeneRatio","BgRatio","pvalue","p.adjust","qvalue","geneID","Count"
"GO:0007411","axon guidance","5/27","227/18723",1.62780269002686e-05,0.00946055991562463,0.00753449457714625,"6091/4009/2043/7408/23768",5
"GO:0097485","neuron projection guidance","5/27","228/18723",1.66266430854563e-05,0.00946055991562463,0.00753449457714625,"6091/4009/2043/7408/23768",5
"GO:0048667","cell morphogenesis involved in neuron differentiation","6/27","544/18723",0.000102945812565878,0.039050778233323,0.0311004717962178,"6091/4009/2043/25861/7408/23768",6
