"ID","Description","GeneRatio","BgRatio","pvalue","p.adjust","qvalue","geneID","Count"
"GO:0021537","telencephalon development","5/26","248/18723",2.05189551002666e-05,0.023165900308201,0.0172359222842239,"4009/1000/7804/55636/6091",5
"GO:0035904","aorta development","3/26","58/18723",6.97265585925012e-05,0.0308631228980138,0.0229628195166799,"639/55636/6091",3
"GO:0021543","pallium development","4/26","169/18723",8.20100697024282e-05,0.0308631228980138,0.0229628195166799,"4009/1000/7804/6091",4
"GO:0030900","forebrain development","5/26","379/18723",0.000153355247794578,0.0350572303483686,0.0260833246170325,"4009/1000/7804/55636/6091",5
"GO:0045595","regulation of cell differentiation","9/26","1554/18723",0.000155257884625193,0.0350572303483686,0.0260833246170325,"639/4009/2043/2784/6929/252995/7804/55636/6091",9
"GO:0007635","chemosensory behavior","2/26","16/18723",0.000219872320393497,0.0413726416207097,0.0307821248550896,"4009/55636",2
"GO:0099175","regulation of postsynapse organization","3/26","90/18723",0.000257767513443071,0.0415742175253181,0.0309321016131685,"2043/1000/7804",3
"GO:0060840","artery development","3/26","100/18723",0.000351542431158053,0.0480980969529764,0.0357860065903456,"639/55636/6091",3
"GO:0003279","cardiac septum development","3/26","103/18723",0.000383421499182274,0.0480980969529764,0.0357860065903456,"639/55636/6091",3
