"ID","Description","GeneRatio","BgRatio","pvalue","p.adjust","qvalue","geneID","Count"
"GO:0048699","generation of neurons","22/101","1514/18723",1.48869670512055e-05,0.0285440728720822,0.0249545977652349,"4009/639/6091/7204/2043/26227/57609/6929/7408/10611/50807/23768/9742/387/92211/84623/2288/55502/9139/26508/9572/25861",22
"GO:0048666","neuron development","18/101","1104/18723",2.28170046939106e-05,0.0285440728720822,0.0249545977652349,"4009/639/6091/7204/2043/26227/57609/7408/10611/50807/23768/9742/387/92211/84623/2288/9139/25861",18
"GO:0030182","neuron differentiation","20/101","1363/18723",3.4231851930948e-05,0.0285493645104107,0.0249592239693018,"4009/639/6091/7204/2043/26227/57609/6929/7408/10611/50807/23768/9742/387/92211/84623/2288/9139/26508/25861",20
"GO:0022008","neurogenesis","22/101","1632/18723",4.71478079970542e-05,0.0294909539021574,0.0257824065836523,"4009/639/6091/7204/2043/26227/57609/6929/7408/10611/50807/23768/9742/387/92211/84623/2288/55502/9139/26508/9572/25861",22
"GO:0001655","urogenital system development","9/101","338/18723",8.89902811559147e-05,0.0441588741576547,0.038605806091803,"639/2043/6599/4868/387/84623/8879/26508/59",9
"GO:0120036","plasma membrane bounded cell projection organization","20/101","1478/18723",0.0001058965807138,0.0441588741576547,0.038605806091803,"4009/139818/6091/7204/2043/26227/5580/57609/9371/7408/10611/50807/23768/9742/387/9114/84623/2288/9139/25861",20
