"ID","Description","GeneRatio","BgRatio","pvalue","p.adjust","qvalue","geneID","Count"
"GO:0045685","regulation of glial cell differentiation","4/40","76/18723",2.0504748399646e-05,0.0398407261405122,0.0305628670883145,"6469/9572/26011/4851",4
"GO:0014013","regulation of gliogenesis","4/40","103/18723",6.77893321576628e-05,0.0432325978257122,0.0331648609156803,"6469/9572/26011/4851",4
"GO:0048713","regulation of oligodendrocyte differentiation","3/40","38/18723",7.23536780841967e-05,0.0432325978257122,0.0331648609156803,"6469/26011/4851",3
"GO:0045687","positive regulation of glial cell differentiation","3/40","42/18723",9.78800664492901e-05,0.0432325978257122,0.0331648609156803,"6469/26011/4851",3
"GO:0014902","myotube differentiation","4/40","117/18723",0.000111252181743984,0.0432325978257122,0.0331648609156803,"6469/4842/4868/4851",4
