"ID","Description","GeneRatio","BgRatio","pvalue","p.adjust","qvalue","geneID","Count"
"GO:0071385","cellular response to glucocorticoid stimulus","3/29","56/18723",8.76363208941393e-05,0.0413045181198412,0.0292263016299238,"5176/6752/1956",3
"GO:0022008","neurogenesis","10/29","1632/18723",0.000105065726533007,0.0413045181198412,0.0292263016299238,"5176/9922/3397/10397/5997/4884/23017/3398/25777/1956",10
"GO:0071384","cellular response to corticosteroid stimulus","3/29","61/18723",0.000113191302416125,0.0413045181198412,0.0292263016299238,"5176/6752/1956",3
"GO:0007417","central nervous system development","8/29","1024/18723",0.000119291027060913,0.0413045181198412,0.0292263016299238,"3397/5997/4884/23017/3398/25777/6752/1956",8
