"ID","Description","GeneRatio","BgRatio","pvalue","p.adjust","qvalue","geneID","Count"
"GO:0006811","ion transport","17/70","1545/18723",4.04669437102847e-05,0.0465970910456629,0.0392781426379493,"2288/4842/2899/256987/55144/773/6329/55089/206358/6236/3782/54102/8529/10568/23479/6330/610",17
"GO:0097190","apoptotic signaling pathway","10/70","582/18723",5.77421500170412e-05,0.0465970910456629,0.0392781426379493,"3092/6469/55437/598/25946/8794/51499/27113/8797/3624",10
"GO:0061005","cell differentiation involved in kidney development","4/70","57/18723",6.09377825357405e-05,0.0465970910456629,0.0392781426379493,"6469/4851/4868/5613",4
