"ID","Description","GeneRatio","BgRatio","pvalue","p.adjust","qvalue","geneID","Count"
"GO:0051403","stress-activated MAPK cascade","6/51","239/18723",4.52609193506445e-05,0.0373786219150029,0.0300577636747937,"344558/4868/2047/55437/7164/2308",6
"GO:0014855","striated muscle cell proliferation","4/51","76/18723",5.42065276489711e-05,0.0373786219150029,0.0300577636747937,"6469/26011/2047/4851",4
"GO:0031098","stress-activated protein kinase signaling cascade","6/51","247/18723",5.43557274575902e-05,0.0373786219150029,0.0300577636747937,"344558/4868/2047/55437/7164/2308",6
"GO:0007254","JNK cascade","5/51","167/18723",8.96453650012836e-05,0.046234596999412,0.037179235590006,"344558/4868/2047/55437/7164",5
