"ID","Description","GeneRatio","BgRatio","pvalue","p.adjust","qvalue","geneID","Count"
"GO:0051403","stress-activated MAPK cascade","7/62","239/18723",1.36889076000289e-05,0.0183822086639796,0.0152319787663901,"344558/5608/4868/2047/55437/7164/2308",7
"GO:0031098","stress-activated protein kinase signaling cascade","7/62","247/18723",1.69343239649743e-05,0.0183822086639796,0.0152319787663901,"344558/5608/4868/2047/55437/7164/2308",7
