"ID","Description","GeneRatio","BgRatio","pvalue","p.adjust","qvalue","geneID","Count"
"GO:0007265","Ras protein signal transduction","10/104","337/18723",1.82360585663583e-05,0.048398499435115,0.041021533848745,"23365/8437/9620/387/10163/1012/4254/50848/1026/3688",10
