"ID","Description","GeneRatio","BgRatio","pvalue","p.adjust","qvalue","geneID","Count"
"GO:0022008","neurogenesis","12/32","1632/18723",7.97793404484279e-06,0.00997241755605349,0.00805351447263604,"9572/85407/11113/26227/10397/26012/3397/8828/9922/5414/4884/5997",12
"GO:0048699","generation of neurons","11/32","1514/18723",2.4424642748737e-05,0.0152654017179606,0.0123280170505467,"9572/85407/11113/26227/26012/3397/8828/9922/5414/4884/5997",11
