"ID","Description","GeneRatio","BgRatio","pvalue","p.adjust","qvalue","geneID","Count"
"GO:0006811","ion transport","17/66","1545/18723",1.77367938625469e-05,0.0377971077210874,0.0319448992619134,"2288/4842/2899/55144/773/55089/5825/256987/6329/1143/206358/9722/83959/3782/8529/10568/6236",17
