"ID","Description","GeneRatio","BgRatio","pvalue","p.adjust","qvalue","geneID","Count"
"GO:0034728","nucleosome organization","4/22","167/18723",3.93979458049336e-05,0.0209362611738025,0.0173807524564719,"3005/6605/6418/9733",4
"GO:0006333","chromatin assembly or disassembly","4/22","177/18723",4.94362719570308e-05,0.0209362611738025,0.0173807524564719,"3005/6605/6418/9733",4
"GO:0071824","protein-DNA complex subunit organization","4/22","241/18723",0.000163205635446926,0.0299147951745943,0.0248345034196595,"3005/6605/6418/9733",4
"GO:0006337","nucleosome disassembly","2/22","18/18723",0.000199368632776114,0.0299147951745943,0.0248345034196595,"6605/6418",2
"GO:0006338","chromatin remodeling","4/22","255/18723",0.000202644561891036,0.0299147951745943,0.0248345034196595,"3005/6605/6418/9733",4
"GO:0031498","chromatin disassembly","2/22","20/18723",0.00024722971218673,0.0299147951745943,0.0248345034196595,"6605/6418",2
"GO:0032986","protein-DNA complex disassembly","2/22","20/18723",0.00024722971218673,0.0299147951745943,0.0248345034196595,"6605/6418",2
"GO:0006334","nucleosome assembly","3/22","129/18723",0.000447115321303199,0.0473383346429761,0.039299083504018,"3005/6418/9733",3
