"ID","Description","GeneRatio","BgRatio","pvalue","p.adjust","qvalue","geneID","Count"
"GO:0015908","fatty acid transport","6/142","86/18723",4.88974004344845e-05,0.0498330625625037,0.0454842303977723,"5608/5825/8529/7057/8792/54677",6
"GO:0009410","response to xenobiotic stimulus","13/142","462/18723",5.1417378613999e-05,0.0498330625625037,0.0454842303977723,"5608/476/10512/5825/6422/8529/5228/7298/7508/134147/1026/5111/5925",13
"GO:0007265","Ras protein signal transduction","11/142","337/18723",5.34116426179032e-05,0.0498330625625037,0.0454842303977723,"23365/8437/9620/1012/10163/3688/376267/143872/4254/1026/5925",11
