"ID","Description","GeneRatio","BgRatio","pvalue","p.adjust","qvalue","geneID","Count"
"GO:0016477","cell migration","10/28","1526/18723",4.20209090091787e-05,0.0480109184279174,0.0382532337919601,"5919/26012/9922/85407/5414/30011/3397/4814/655/10076",10
"GO:0048870","cell motility","10/28","1710/18723",0.000110794427141348,0.0480109184279174,0.0382532337919601,"5919/26012/9922/85407/5414/30011/3397/4814/655/10076",10
"GO:0051674","localization of cell","10/28","1710/18723",0.000110794427141348,0.0480109184279174,0.0382532337919601,"5919/26012/9922/85407/5414/30011/3397/4814/655/10076",10
