"ID","Description","GeneRatio","BgRatio","pvalue","p.adjust","qvalue","geneID","Count"
"GO:2000047","regulation of cell-cell adhesion mediated by cadherin","3/53","21/18723",2.7477749352885e-05,0.0294688462967598,0.0232424438639622,"10076/4851/8728",3
"GO:0045665","negative regulation of neuron differentiation","4/53","69/18723",4.3164677641315e-05,0.0294688462967598,0.0232424438639622,"6469/30812/4009/4851",4
"GO:0048699","generation of neurons","14/53","1514/18723",5.7183148813449e-05,0.0294688462967598,0.0232424438639622,"9572/85407/11113/2288/26227/6469/26012/25861/9922/30812/4009/4851/157285/7408",14
"GO:0044331","cell-cell adhesion mediated by cadherin","3/53","28/18723",6.67404636862234e-05,0.0294688462967598,0.0232424438639622,"10076/4851/8728",3
"GO:0048708","astrocyte differentiation","4/53","81/18723",8.10136136517318e-05,0.0294688462967598,0.0232424438639622,"9572/6469/30812/4851",4
"GO:0048646","anatomical structure formation involved in morphogenesis","12/53","1175/18723",8.52522072230274e-05,0.0294688462967598,0.0232424438639622,"85407/9555/6469/25861/6461/4842/30812/4814/4851/23670/7408/2308",12
"GO:0022008","neurogenesis","14/53","1632/18723",0.000128609687843104,0.0381052132266568,0.0300540533696516,"9572/85407/11113/2288/26227/6469/26012/25861/9922/30812/4009/4851/157285/7408",14
