"ID","Description","GeneRatio","BgRatio","pvalue","p.adjust","qvalue","geneID","Count"
"GO:0048699","generation of neurons","11/30","1514/18723",1.2029170794735e-05,0.0153612511048766,0.0128522193227958,"11113/9572/26012/85407/9922/26227/3397/8828/5414/30812/157285",11
"GO:0022008","neurogenesis","11/30","1632/18723",2.44840437685914e-05,0.0156330619462456,0.013079633907958,"11113/9572/26012/85407/9922/26227/3397/8828/5414/30812/157285",11
