"ID","Description","GeneRatio","BgRatio","pvalue","p.adjust","qvalue","geneID","Count"
"GO:0032970","regulation of actin filament-based process","10/88","397/18723",1.69919087784974e-05,0.0382058291919741,0.0339538358733794,"11034/4868/476/7114/9620/387/6840/116985/10163/6422",10
"GO:0032956","regulation of actin cytoskeleton organization","9/88","358/18723",4.67380165959498e-05,0.0382058291919741,0.0339538358733794,"11034/4868/7114/9620/387/6840/116985/10163/6422",9
"GO:0110053","regulation of actin filament organization","8/88","278/18723",4.9170951341022e-05,0.0382058291919741,0.0339538358733794,"11034/4868/7114/387/6840/116985/10163/6422",8
