"ID","Description","GeneRatio","BgRatio","pvalue","p.adjust","qvalue","geneID","Count"
"GO:0007411","axon guidance","6/55","227/18723",5.24805326176593e-05,0.0451811112856785,0.0362956390574303,"2043/6469/2047/23768/4009/4851",6
"GO:0097485","neuron projection guidance","6/55","228/18723",5.37780650047877e-05,0.0451811112856785,0.0362956390574303,"2043/6469/2047/23768/4009/4851",6
"GO:0045685","regulation of glial cell differentiation","4/55","76/18723",7.30766497625735e-05,0.0451811112856785,0.0362956390574303,"9572/2043/6469/4851",4
"GO:0048708","astrocyte differentiation","4/55","81/18723",9.37399845500447e-05,0.0451811112856785,0.0362956390574303,"9572/2043/6469/4851",4
"GO:0048710","regulation of astrocyte differentiation","3/55","31/18723",0.000101713442786309,0.0451811112856785,0.0362956390574303,"9572/2043/4851",3
