"ID","Description","GeneRatio","BgRatio","pvalue","p.adjust","qvalue","geneID","Count"
"GO:0022008","neurogenesis","12/35","1632/18723",2.30310754737835e-05,0.0193063149550283,0.0167331920297057,"85407/26227/3397/26012/11113/9572/10397/1956/23017/9922/4884/30812",12
"GO:0010001","glial cell differentiation","5/35","225/18723",5.80016757496019e-05,0.0193063149550283,0.0167331920297057,"26227/9572/10397/1956/30812",5
"GO:0048699","generation of neurons","11/35","1514/18723",6.29779417334874e-05,0.0193063149550283,0.0167331920297057,"85407/26227/3397/26012/11113/9572/1956/23017/9922/4884/30812",11
"GO:0021782","glial cell development","4/35","116/18723",6.31441208668138e-05,0.0193063149550283,0.0167331920297057,"26227/9572/10397/1956",4
