"ID","Description","GeneRatio","BgRatio","pvalue","p.adjust","qvalue","geneID","Count"
"GO:0014902","myotube differentiation","5/62","117/18723",4.25851023044377e-05,0.0416188641259841,0.0337946814079104,"6469/4842/4868/4851/9518",5
"GO:0002052","positive regulation of neuroblast proliferation","3/62","23/18723",5.84119126054744e-05,0.0416188641259841,0.0337946814079104,"6469/4851/23440",3
"GO:0008544","epidermis development","7/62","324/18723",9.47215746545928e-05,0.0416188641259841,0.0337946814079104,"6469/25861/4851/9555/64434/26154/4909",7
"GO:0006865","amino acid transport","5/62","143/18723",0.000110493289830182,0.0416188641259841,0.0337946814079104,"55089/256987/55144/206358/117247",5
"GO:0014855","striated muscle cell proliferation","4/62","76/18723",0.000116988432480545,0.0416188641259841,0.0337946814079104,"6469/26011/4851/2047",4
"GO:0045685","regulation of glial cell differentiation","4/62","76/18723",0.000116988432480545,0.0416188641259841,0.0337946814079104,"9572/6469/26011/4851",4
"GO:0045595","regulation of cell differentiation","15/62","1554/18723",0.000126611059922594,0.0416188641259841,0.0337946814079104,"9572/6469/26011/4009/4851/2047/9555/252995/25946/83959/23440/595/26154/3635/4909",15
