"ID","Description","GeneRatio","BgRatio","pvalue","p.adjust","qvalue","geneID","Count"
"GO:0009888","tissue development","14/38","1870/18723",8.94552266815915e-06,0.0128099884608039,0.0103579736157632,"89/93185/7431/8614/7045/960/1956/1303/7178/1508/23462/2012/22856/5997",14
