"ID","Description","GeneRatio","BgRatio","pvalue","p.adjust","qvalue","geneID","Count"
"GO:0048646","anatomical structure formation involved in morphogenesis","11/37","1175/18723",1.06563801702628e-05,0.0134823301345365,0.00998866038516321,"4842/6469/64753/25861/4868/26011/9555/4851/2047/576/2752",11
"GO:0014855","striated muscle cell proliferation","4/37","76/18723",1.49554410810166e-05,0.0134823301345365,0.00998866038516321,"6469/26011/4851/2047",4
"GO:0048713","regulation of oligodendrocyte differentiation","3/37","38/18723",5.71412347699331e-05,0.0294135874161045,0.0217916585988479,"6469/26011/4851",3
"GO:0045687","positive regulation of glial cell differentiation","3/37","42/18723",7.73376931191538e-05,0.0294135874161045,0.0217916585988479,"6469/26011/4851",3
"GO:0014902","myotube differentiation","4/37","117/18723",8.15684620524252e-05,0.0294135874161045,0.0217916585988479,"4842/6469/4868/4851",4
"GO:0060768","regulation of epithelial cell proliferation involved in prostate gland development","2/37","10/18723",0.00016930032066212,0.0465771133908059,0.0345076083095033,"6469/4851",2
"GO:0061005","cell differentiation involved in kidney development","3/37","57/18723",0.000193136298671887,0.0465771133908059,0.0345076083095033,"6469/4868/4851",3
"GO:0060767","epithelial cell proliferation involved in prostate gland development","2/37","11/18723",0.000206664951262589,0.0465771133908059,0.0345076083095033,"6469/4851",2
"GO:0007519","skeletal muscle tissue development","4/37","155/18723",0.00024122444658914,0.048325297466691,0.0358027862832302,"6469/4868/4851/2047",4
