"ID","Description","GeneRatio","BgRatio","pvalue","p.adjust","qvalue","geneID","Count"
"GO:1904262","negative regulation of TORC1 signaling","3/40","17/18723",6.01650122041347e-06,0.010360415101552,0.00877775862262428,"729438/83667/352954",3
"GO:0071230","cellular response to amino acid stimulus","4/40","71/18723",1.56486932706392e-05,0.0134735249060203,0.0114153099332136,"729438/83667/352954/598",4
"GO:0071229","cellular response to acid chemical","4/40","80/18723",2.51221462098707e-05,0.0144201119244658,0.0122172963673266,"729438/83667/352954/598",4
"GO:1903432","regulation of TORC1 signaling","3/40","42/18723",9.78800664492901e-05,0.0323122963860991,0.0273762716493265,"729438/83667/352954",3
"GO:0043200","response to amino acid","4/40","116/18723",0.000107613858302703,0.0323122963860991,0.0273762716493265,"729438/83667/352954/598",4
"GO:0032007","negative regulation of TOR signaling","3/40","44/18723",0.000112586398557836,0.0323122963860991,0.0273762716493265,"729438/83667/352954",3
"GO:0038202","TORC1 signaling","3/40","50/18723",0.000165145555989275,0.0406258067733617,0.0344198106167121,"729438/83667/352954",3
"GO:0001101","response to acid chemical","4/40","135/18723",0.000193161830655938,0.0415780840486906,0.0352266180643592,"729438/83667/352954/598",4
