"ID","Description","GeneRatio","BgRatio","pvalue","p.adjust","qvalue","geneID","Count"
"GO:0042692","muscle cell differentiation","8/41","384/18723",1.53874226183833e-06,0.00262817178321987,0.0019906465682098,"89/10290/5997/3398/4814/975/85461/221662",8
"GO:0061061","muscle structure development","9/41","636/18723",7.52916670662206e-06,0.00642990836745524,0.00487018204338869,"89/93185/10290/5997/3398/4814/975/85461/221662",9
