"ID","Description","GeneRatio","BgRatio","pvalue","p.adjust","qvalue","geneID","Count"
"GO:0061061","muscle structure development","10/50","636/18723",5.73548866383425e-06,0.00687079243119471,0.00543108899080145,"89/7139/93185/85407/5997/4842/3398/10290/4814/975",10
"GO:0042692","muscle cell differentiation","8/50","384/18723",7.36024898896059e-06,0.00687079243119471,0.00543108899080145,"89/7139/5997/4842/3398/10290/4814/975",8
"GO:0009888","tissue development","15/50","1870/18723",7.0797113041708e-05,0.040211108669785,0.0317852870380507,"89/7139/1747/8614/93185/85407/5997/26227/960/7178/3398/7045/1956/3397/768",15
"GO:0006937","regulation of muscle contraction","5/50","169/18723",8.61512772785968e-05,0.040211108669785,0.0317852870380507,"89/7139/5997/4842/6752",5
