"ID","Description","GeneRatio","BgRatio","pvalue","p.adjust","qvalue","geneID","Count"
"GO:0048699","generation of neurons","11/32","1514/18723",2.4424642748737e-05,0.0353180334146737,0.0268928171738725,"11113/85407/26012/9572/5414/26227/9922/3397/30812/655/8828",11
"GO:0022008","neurogenesis","11/32","1632/18723",4.91120641710153e-05,0.035508022395644,0.0270374837488853,"11113/85407/26012/9572/5414/26227/9922/3397/30812/655/8828",11
