"ID","Description","GeneRatio","BgRatio","pvalue","p.adjust","qvalue","geneID","Count"
"GO:0048713","regulation of oligodendrocyte differentiation","3/31","38/18723",3.33356576170314e-05,0.037371008998037,0.0275008792563071,"6469/26011/4851",3
"GO:0045687","positive regulation of glial cell differentiation","3/31","42/18723",4.51613401788967e-05,0.037371008998037,0.0275008792563071,"6469/26011/4851",3
