"ID","Description","GeneRatio","BgRatio","pvalue","p.adjust","qvalue","geneID","Count"
"GO:0045685","regulation of glial cell differentiation","4/37","76/18723",1.49554410810166e-05,0.0291182437847394,0.0213469243219564,"9572/6469/26011/4851",4
"GO:0014013","regulation of gliogenesis","4/37","103/18723",4.96136570308493e-05,0.0317627591232144,0.0232856493774923,"9572/6469/26011/4851",4
"GO:0048713","regulation of oligodendrocyte differentiation","3/37","38/18723",5.71412347699331e-05,0.0317627591232144,0.0232856493774923,"6469/26011/4851",3
"GO:0045687","positive regulation of glial cell differentiation","3/37","42/18723",7.73376931191538e-05,0.0317627591232144,0.0232856493774923,"6469/26011/4851",3
"GO:0014902","myotube differentiation","4/37","117/18723",8.15684620524252e-05,0.0317627591232144,0.0232856493774923,"4842/6469/4851/4868",4
