"ID","Description","GeneRatio","BgRatio","pvalue","p.adjust","qvalue","geneID","Count"
"GO:0045685","regulation of glial cell differentiation","4/35","76/18723",1.19296723834539e-05,0.0224755027704272,0.0167517715363448,"6469/9572/26011/4851",4
"GO:0014013","regulation of gliogenesis","4/35","103/18723",3.96668725973883e-05,0.0246232974366636,0.0183525973742928,"6469/9572/26011/4851",4
"GO:0048713","regulation of oligodendrocyte differentiation","3/35","38/18723",4.82675255352866e-05,0.0246232974366636,0.0183525973742928,"6469/26011/4851",3
"GO:0014902","myotube differentiation","4/35","117/18723",6.52928105276103e-05,0.0246232974366636,0.0183525973742928,"6469/4842/4868/4851",4
"GO:0045687","positive regulation of glial cell differentiation","3/35","42/18723",6.53484539189585e-05,0.0246232974366636,0.0183525973742928,"6469/26011/4851",3
"GO:0060768","regulation of epithelial cell proliferation involved in prostate gland development","2/35","10/18723",0.00015133801613626,0.043508979837984,0.0324287513151585,"6469/4851",2
"GO:0061005","cell differentiation involved in kidney development","3/35","57/18723",0.000163390726682618,0.043508979837984,0.0324287513151585,"6469/4868/4851",3
"GO:0060767","epithelial cell proliferation involved in prostate gland development","2/35","11/18723",0.000184751506743032,0.043508979837984,0.0324287513151585,"6469/4851",2
