"ID","Description","GeneRatio","BgRatio","pvalue","p.adjust","qvalue","geneID","Count"
"GO:0071230","cellular response to amino acid stimulus","4/47","71/18723",2.99362820380334e-05,0.0257867047501927,0.0193866979069879,"26012/83667/729438/598",4
"GO:0014855","striated muscle cell proliferation","4/47","76/18723",3.9167694547215e-05,0.0257867047501927,0.0193866979069879,"6469/26011/4851/2047",4
"GO:0045685","regulation of glial cell differentiation","4/47","76/18723",3.9167694547215e-05,0.0257867047501927,0.0193866979069879,"9572/6469/26011/4851",4
"GO:0071229","cellular response to acid chemical","4/47","80/18723",4.79306779743358e-05,0.0257867047501927,0.0193866979069879,"26012/83667/729438/598",4
"GO:0048713","regulation of oligodendrocyte differentiation","3/47","38/18723",0.000117588152413599,0.0460725507416002,0.0346377961699469,"6469/26011/4851",3
"GO:0014013","regulation of gliogenesis","4/47","103/18723",0.00012845506712342,0.0460725507416002,0.0346377961699469,"9572/6469/26011/4851",4
"GO:0045687","positive regulation of glial cell differentiation","3/47","42/18723",0.000158895787246527,0.048849104879218,0.0367252368417912,"6469/26011/4851",3
