"ID","Description","GeneRatio","BgRatio","pvalue","p.adjust","qvalue","geneID","Count"
"GO:0048699","generation of neurons","11/34","1514/18723",4.65681335594336e-05,0.0343406413104413,0.0266536189305607,"11113/85407/26012/9572/5414/26227/9922/3397/30812/655/8828",11
"GO:0016477","cell migration","11/34","1526/18723",5.00816244857774e-05,0.0343406413104413,0.0266536189305607,"85407/26012/4814/5414/9922/30011/10076/3397/30812/655/8828",11
"GO:0022008","neurogenesis","11/34","1632/18723",9.2508064441824e-05,0.0343406413104413,0.0266536189305607,"11113/85407/26012/9572/5414/26227/9922/3397/30812/655/8828",11
"GO:0001755","neural crest cell migration","3/34","55/18723",0.000134564586548456,0.0343406413104413,0.0266536189305607,"30812/655/8828",3
"GO:0048870","cell motility","11/34","1710/18723",0.000140932864475135,0.0343406413104413,0.0266536189305607,"85407/26012/4814/5414/9922/30011/10076/3397/30812/655/8828",11
"GO:0051674","localization of cell","11/34","1710/18723",0.000140932864475135,0.0343406413104413,0.0266536189305607,"85407/26012/4814/5414/9922/30011/10076/3397/30812/655/8828",11
"GO:1905330","regulation of morphogenesis of an epithelium","3/34","65/18723",0.000221282813062819,0.0462164960996917,0.0358711086438675,"85407/30812/655",3
