"ID","Description","GeneRatio","BgRatio","pvalue","p.adjust","qvalue","geneID","Count"
"GO:0022008","neurogenesis","15/55","1632/18723",4.98136669594231e-05,0.0382971687130122,0.0323157205772273,"11113/26227/26012/5176/10397/85407/3397/9572/5414/9922/23017/5997/8828/1956/4884",15
"GO:0048870","cell motility","15/55","1710/18723",8.51132522076792e-05,0.0382971687130122,0.0323157205772273,"5919/26012/5176/30011/85407/3397/93185/5414/9922/960/10076/2192/4814/8828/1956",15
"GO:0051674","localization of cell","15/55","1710/18723",8.51132522076792e-05,0.0382971687130122,0.0323157205772273,"5919/26012/5176/30011/85407/3397/93185/5414/9922/960/10076/2192/4814/8828/1956",15
"GO:0048699","generation of neurons","14/55","1514/18723",8.88565399373832e-05,0.0382971687130122,0.0323157205772273,"11113/26227/26012/5176/85407/3397/9572/5414/9922/23017/5997/8828/1956/4884",14
