"ID","Description","GeneRatio","BgRatio","pvalue","p.adjust","qvalue","geneID","Count"
"GO:0045685","regulation of glial cell differentiation","4/38","76/18723",1.66636173117571e-05,0.0307443739401918,0.0234869300846766,"6469/9572/26011/4851",4
"GO:0014013","regulation of gliogenesis","4/38","103/18723",5.5216997839447e-05,0.0334782035727973,0.0255754183905153,"6469/9572/26011/4851",4
"GO:0048713","regulation of oligodendrocyte differentiation","3/38","38/18723",6.19522137918744e-05,0.0334782035727973,0.0255754183905153,"6469/26011/4851",3
"GO:0045687","positive regulation of glial cell differentiation","3/38","42/18723",8.3835719262015e-05,0.0334782035727973,0.0255754183905153,"6469/26011/4851",3
"GO:0014902","myotube differentiation","4/38","117/18723",9.07268389506703e-05,0.0334782035727973,0.0255754183905153,"6469/4842/4868/4851",4
