"ID","Description","GeneRatio","BgRatio","pvalue","p.adjust","qvalue","geneID","Count"
"GO:0051346","negative regulation of hydrolase activity","6/32","379/18723",3.83824423051847e-05,0.0259042132577283,0.0201640814788756,"7139/5176/7078/960/334/5997",6
"GO:0051336","regulation of hydrolase activity","9/32","1040/18723",4.27109864101043e-05,0.0259042132577283,0.0201640814788756,"7139/5176/7078/5720/9922/960/334/5997/2192",9
"GO:0052547","regulation of peptidase activity","6/32","461/18723",0.000113449904722568,0.045871578142825,0.035706864749524,"5176/7078/5720/960/334/2192",6
