"ID","Description","GeneRatio","BgRatio","pvalue","p.adjust","qvalue","geneID","Count"
"GO:0014902","myotube differentiation","5/64","117/18723",4.96800451039006e-05,0.0487232182959953,0.0393212093675744,"6469/4842/4868/4851/9518",5
"GO:0002052","positive regulation of neuroblast proliferation","3/64","23/18723",6.42458481543179e-05,0.0487232182959953,0.0393212093675744,"6469/4851/23440",3
"GO:0008544","epidermis development","7/64","324/18723",0.000116169012414885,0.0487232182959953,0.0393212093675744,"6469/25861/4851/9555/64434/26154/4909",7
"GO:0006865","amino acid transport","5/64","143/18723",0.000128607473502343,0.0487232182959953,0.0393212093675744,"55089/256987/55144/206358/117247",5
"GO:0014855","striated muscle cell proliferation","4/64","76/18723",0.000132433249638781,0.0487232182959953,0.0393212093675744,"6469/26011/4851/2047",4
"GO:0045685","regulation of glial cell differentiation","4/64","76/18723",0.000132433249638781,0.0487232182959953,0.0393212093675744,"9572/6469/26011/4851",4
"GO:0048646","anatomical structure formation involved in morphogenesis","13/64","1175/18723",0.000143123175858987,0.0487232182959953,0.0393212093675744,"6469/25861/4842/26011/4868/4851/2047/9555/9620/9622/144455/4909/9518",13
