"ID","Description","GeneRatio","BgRatio","pvalue","p.adjust","qvalue","geneID","Count"
"GO:0048870","cell motility","18/69","1710/18723",3.31712934241711e-05,0.0317117565135076,0.0276194664194941,"5919/26012/5176/30011/85407/3397/93185/5414/9922/960/10076/2192/4814/8828/1956/25777/1902/975",18
"GO:0051674","localization of cell","18/69","1710/18723",3.31712934241711e-05,0.0317117565135076,0.0276194664194941,"5919/26012/5176/30011/85407/3397/93185/5414/9922/960/10076/2192/4814/8828/1956/25777/1902/975",18
