"ID","Description","GeneRatio","BgRatio","pvalue","p.adjust","qvalue","geneID","Count"
"GO:0045685","regulation of glial cell differentiation","4/37","76/18723",1.49554410810166e-05,0.0275778333533947,0.0210005877916591,"6469/9572/26011/4851",4
"GO:0014013","regulation of gliogenesis","4/37","103/18723",4.96136570308493e-05,0.0300824488049344,0.0229078586058811,"6469/9572/26011/4851",4
"GO:0048713","regulation of oligodendrocyte differentiation","3/37","38/18723",5.71412347699331e-05,0.0300824488049344,0.0229078586058811,"6469/26011/4851",3
"GO:0045687","positive regulation of glial cell differentiation","3/37","42/18723",7.73376931191538e-05,0.0300824488049344,0.0229078586058811,"6469/26011/4851",3
"GO:0014902","myotube differentiation","4/37","117/18723",8.15684620524252e-05,0.0300824488049344,0.0229078586058811,"6469/4842/4868/4851",4
"GO:0060768","regulation of epithelial cell proliferation involved in prostate gland development","2/37","10/18723",0.00016930032066212,0.0476362712660267,0.0362751374979333,"6469/4851",2
"GO:0061005","cell differentiation involved in kidney development","3/37","57/18723",0.000193136298671887,0.0476362712660267,0.0362751374979333,"6469/4868/4851",3
"GO:0060767","epithelial cell proliferation involved in prostate gland development","2/37","11/18723",0.000206664951262589,0.0476362712660267,0.0362751374979333,"6469/4851",2
