"ID","Description","GeneRatio","BgRatio","pvalue","p.adjust","qvalue","geneID","Count"
"GO:0007265","Ras protein signal transduction","11/115","337/18723",7.33311308377181e-06,0.0180734791357467,0.015795297671968,"23365/8437/9620/10163/1012/4254/50848/1026/3688/5925/7157",11
"GO:0097190","apoptotic signaling pathway","14/115","582/18723",1.33679579406411e-05,0.0180734791357467,0.015795297671968,"23017/627/6422/138151/4254/1969/7057/1026/50484/5925/7157/3624/64782/60401",14
