"ID","Description","GeneRatio","BgRatio","pvalue","p.adjust","qvalue","geneID","Count"
"GO:0048870","cell motility","18/68","1710/18723",2.67811837116863e-05,0.0253751715668228,0.0217773309655555,"5919/26012/5176/30011/85407/3397/93185/5414/9922/960/10076/2192/4814/8828/1956/25777/1902/975",18
"GO:0051674","localization of cell","18/68","1710/18723",2.67811837116863e-05,0.0253751715668228,0.0217773309655555,"5919/26012/5176/30011/85407/3397/93185/5414/9922/960/10076/2192/4814/8828/1956/25777/1902/975",18
"GO:0016477","cell migration","16/68","1526/18723",8.78077475003627e-05,0.0436470843628111,0.0374585448357412,"5919/26012/5176/30011/85407/3397/5414/9922/960/10076/4814/8828/1956/25777/1902/975",16
"GO:0040011","locomotion","18/68","1878/18723",9.21310487869363e-05,0.0436470843628111,0.0374585448357412,"5919/26012/5176/30011/85407/3397/93185/5414/9922/960/10076/2192/4814/8828/1956/25777/1902/975",18
