"ID","Description","GeneRatio","BgRatio","pvalue","p.adjust","qvalue","geneID","Count"
"GO:0048699","generation of neurons","16/61","1514/18723",1.89423465944974e-05,0.023595910645139,0.0197738918351828,"26012/9572/11113/2288/85407/26227/6469/26011/5414/9922/25861/1902/30812/157285/4851/4009",16
"GO:0014013","regulation of gliogenesis","5/61","103/18723",2.12863424854659e-05,0.023595910645139,0.0197738918351828,"9572/6469/26011/30812/4851",5
"GO:0022008","neurogenesis","16/61","1632/18723",4.75956494963341e-05,0.0333016088645402,0.0279074803057301,"26012/9572/11113/2288/85407/26227/6469/26011/5414/9922/25861/1902/30812/157285/4851/4009",16
"GO:0014015","positive regulation of gliogenesis","4/61","66/18723",6.31843794651292e-05,0.0333016088645402,0.0279074803057301,"6469/26011/30812/4851",4
"GO:0045665","negative regulation of neuron differentiation","4/61","69/18723",7.52389715699181e-05,0.0333016088645402,0.0279074803057301,"6469/30812/4851/4009",4
"GO:0010001","glial cell differentiation","6/61","225/18723",9.01261403641141e-05,0.0333016088645402,0.0279074803057301,"9572/26227/6469/26011/30812/4851",6
"GO:0045685","regulation of glial cell differentiation","4/61","76/18723",0.000109776904879069,0.0347679140166993,0.0291362762573769,"9572/6469/26011/4851",4
"GO:0048708","astrocyte differentiation","4/61","81/18723",0.000140638927430525,0.0389745627641844,0.0326615403835365,"9572/6469/30812/4851",4
