"ID","Description","GeneRatio","BgRatio","pvalue","p.adjust","qvalue","geneID","Count"
"GO:0007267","cell-cell signaling","11/28","1641/18723",1.19483166887664e-05,0.0175759738491753,0.0133569603404946,"64084/2922/9381/5179/6469/5251/50944/9572/2043/9547/9783",11
