"ID","Description","GeneRatio","BgRatio","pvalue","p.adjust","qvalue","geneID","Count"
"GO:0060768","regulation of epithelial cell proliferation involved in prostate gland development","2/22","10/18723",5.89728171640597e-05,0.0383323460387208,0.0254540029031951,"6469/4851",2
"GO:0045665","negative regulation of neuron differentiation","3/22","69/18723",7.01576983705667e-05,0.0383323460387208,0.0254540029031951,"6469/4009/4851",3
"GO:0060767","epithelial cell proliferation involved in prostate gland development","2/22","11/18723",7.20265730381007e-05,0.0383323460387208,0.0254540029031951,"6469/4851",2
"GO:0045685","regulation of glial cell differentiation","3/22","76/18723",9.36344028889189e-05,0.0383323460387208,0.0254540029031951,"6469/9572/4851",3
"GO:0048708","astrocyte differentiation","3/22","81/18723",0.000113208346245484,0.0383323460387208,0.0254540029031951,"6469/9572/4851",3
"GO:0072044","collecting duct development","2/22","15/18723",0.000137114163901738,0.0386890465809404,0.0256908643942203,"6469/4851",2
