"ID","Description","GeneRatio","BgRatio","pvalue","p.adjust","qvalue","geneID","Count"
"GO:0045595","regulation of cell differentiation","22/99","1554/18723",1.6000466512946e-05,0.0323180891146808,0.0266510858656109,"9572/4009/6469/2308/26011/9555/4851/2047/25946/252995/83959/4909/26508/26154/595/374/5447/10140/54897/7157/816/23440",22
"GO:1902692","regulation of neuroblast proliferation","4/99","33/18723",2.67503898274554e-05,0.0323180891146808,0.0266510858656109,"6469/4851/7157/23440",4
"GO:0048646","anatomical structure formation involved in morphogenesis","18/99","1175/18723",3.92877154538188e-05,0.0323180891146808,0.0266510858656109,"4842/6469/64753/25861/4868/2308/26011/9555/4851/23670/2047/576/9622/4909/26508/5015/7157/9518",18
"GO:0006811","ion transport","21/99","1545/18723",4.73632953104247e-05,0.0323180891146808,0.0266510858656109,"2288/773/4842/6329/528/2899/55089/5825/256987/55144/206358/9722/23479/83959/6236/9635/8529/3782/10568/6330/816",21
"GO:0006978","DNA damage response, signal transduction by p53 class mediator resulting in transcription of p21 class mediator","3/99","16/18723",7.63898985175965e-05,0.0323180891146808,0.0266510858656109,"25946/149628/7157",3
"GO:0009719","response to endogenous stimulus","21/99","1601/18723",7.92449656610913e-05,0.0323180891146808,0.0266510858656109,"26012/9572/773/4842/5179/2308/598/83667/4851/4909/26508/27244/595/374/5447/10568/10140/5015/7157/8805/9518",21
"GO:0042772","DNA damage response, signal transduction resulting in transcription","3/99","17/18723",9.24033998990159e-05,0.0323180891146808,0.0266510858656109,"25946/149628/7157",3
"GO:0071371","cellular response to gonadotropin stimulus","3/99","17/18723",9.24033998990159e-05,0.0323180891146808,0.0266510858656109,"26012/4851/5447",3
