"ID","Description","GeneRatio","BgRatio","pvalue","p.adjust","qvalue","geneID","Count"
"GO:0009888","tissue development","16/45","1870/18723",3.54761524106508e-06,0.00603804114029277,0.00490317769633521,"89/8614/93185/5997/1508/960/7431/7178/1303/3398/7045/1956/23462/22856/8828/2012",16
"GO:0071385","cellular response to glucocorticoid stimulus","4/45","56/18723",9.76007661335507e-06,0.0077988421564002,0.0063330321920672,"5176/1956/23462/6752",4
"GO:0071384","cellular response to corticosteroid stimulus","4/45","61/18723",1.37464902874269e-05,0.0077988421564002,0.0063330321920672,"5176/1956/23462/6752",4
