"ID","Description","GeneRatio","BgRatio","pvalue","p.adjust","qvalue","geneID","Count"
"GO:0006978","DNA damage response, signal transduction by p53 class mediator resulting in transcription of p21 class mediator","3/85","16/18723",4.84561531903474e-05,0.0368912423644677,0.029177909384771,"25946/149628/7157",3
"GO:0006811","ion transport","19/85","1545/18723",5.03743911992457e-05,0.0368912423644677,0.029177909384771,"2288/773/4842/6329/528/2899/55089/256987/55144/206358/9722/23479/83959/6236/9635/8529/8792/10568/6330",19
"GO:0042772","DNA damage response, signal transduction resulting in transcription","3/85","17/18723",5.86467593582296e-05,0.0368912423644677,0.029177909384771,"25946/149628/7157",3
"GO:0071371","cellular response to gonadotropin stimulus","3/85","17/18723",5.86467593582296e-05,0.0368912423644677,0.029177909384771,"26012/4851/5447",3
"GO:0048646","anatomical structure formation involved in morphogenesis","16/85","1175/18723",6.74428562421714e-05,0.0368912423644677,0.029177909384771,"4842/6469/64753/25861/4868/2308/26011/9555/4851/23670/2047/576/9622/4909/5015/7157",16
