"ID","Description","GeneRatio","BgRatio","pvalue","p.adjust","qvalue","geneID","Count"
"GO:0010001","glial cell differentiation","5/28","225/18723",1.88037982209129e-05,0.0203081020785859,0.0175370160249777,"9572/26227/10397/30812/3398",5
"GO:0022008","neurogenesis","10/28","1632/18723",7.46389341729019e-05,0.0271300646496549,0.0234281065103258,"9572/26012/11113/26227/5414/85407/9922/10397/30812/3398",10
"GO:0042063","gliogenesis","5/28","301/18723",7.53612906934859e-05,0.0271300646496549,0.0234281065103258,"9572/26227/10397/30812/3398",5
