"ID","Description","GeneRatio","BgRatio","pvalue","p.adjust","qvalue","geneID","Count"
"GO:2000191","regulation of fatty acid transport","4/94","32/18723",1.92357437496835e-05,0.0239651112068516,0.0217869824111713,"5608/8529/7057/8792",4
"GO:0032890","regulation of organic acid transport","5/94","67/18723",2.16389265976087e-05,0.0239651112068516,0.0217869824111713,"5608/3688/8529/7057/8792",5
"GO:0032892","positive regulation of organic acid transport","4/94","40/18723",4.74076974210263e-05,0.0320688066405269,0.0291541533103614,"5608/3688/8529/8792",4
"GO:1903793","positive regulation of anion transport","4/94","43/18723",6.32851399289421e-05,0.0320688066405269,0.0291541533103614,"5608/3688/8529/8792",4
"GO:0015908","fatty acid transport","5/94","86/18723",7.23900827099931e-05,0.0320688066405269,0.0291541533103614,"5608/5825/8529/7057/8792",5
"GO:0032305","positive regulation of icosanoid secretion","3/94","18/18723",9.46829863591196e-05,0.0349538024642417,0.0317769391061396,"5608/8529/8792",3
"GO:0032303","regulation of icosanoid secretion","3/94","21/18723",0.000152647658550856,0.0483020805271638,0.0439120256853816,"5608/8529/8792",3
"GO:2000193","positive regulation of fatty acid transport","3/94","22/18723",0.000176107878468507,0.0487598688509679,0.044328206777665,"5608/8529/8792",3
