"ID","Description","GeneRatio","BgRatio","pvalue","p.adjust","qvalue","geneID","Count"
"GO:0014855","striated muscle cell proliferation","4/37","76/18723",1.49554410810166e-05,0.0275329670301516,0.0204968255657723,"6469/26011/2047/4851",4
"GO:0048713","regulation of oligodendrocyte differentiation","3/37","38/18723",5.71412347699331e-05,0.0375418846596287,0.027947930945331,"6469/26011/4851",3
"GO:0045687","positive regulation of glial cell differentiation","3/37","42/18723",7.73376931191538e-05,0.0375418846596287,0.027947930945331,"6469/26011/4851",3
"GO:0014902","myotube differentiation","4/37","117/18723",8.15684620524252e-05,0.0375418846596287,0.027947930945331,"4842/6469/4868/4851",4
