"ID","Description","GeneRatio","BgRatio","pvalue","p.adjust","qvalue","geneID","Count"
"GO:0048646","anatomical structure formation involved in morphogenesis","20/86","1175/18723",2.6199823644258e-07,0.000703465264848328,0.00056508882786405,"4842/6469/64753/25861/4868/2308/26011/9555/4851/23670/2047/576/9622/4909/5015/7157/144455/5613/4242/2668",20
"GO:0061005","cell differentiation involved in kidney development","5/86","57/18723",6.30804428948434e-06,0.00846854945863272,0.00680272776271232,"6469/4868/4851/5613/2668",5
"GO:0006811","ion transport","19/86","1545/18723",5.97221844444725e-05,0.0427257762654784,0.0343213233629188,"2288/773/4842/6329/528/2899/55089/5825/256987/55144/206358/9722/23479/83959/6236/9635/6330/9114/2668",19
"GO:0035850","epithelial cell differentiation involved in kidney development","4/86","47/18723",6.36510633377704e-05,0.0427257762654784,0.0343213233629188,"4868/4851/5613/2668",4
