"ID","Description","GeneRatio","BgRatio","pvalue","p.adjust","qvalue","geneID","Count"
"GO:0071230","cellular response to amino acid stimulus","4/46","71/18723",2.74669072196435e-05,0.0308689842741595,0.0234942338118619,"26012/83667/729438/598",4
"GO:0045685","regulation of glial cell differentiation","4/46","76/18723",3.59444766501327e-05,0.0308689842741595,0.0234942338118619,"9572/6469/26011/4851",4
"GO:0071229","cellular response to acid chemical","4/46","80/18723",4.39938018159043e-05,0.0308689842741595,0.0234942338118619,"26012/83667/729438/598",4
"GO:0048713","regulation of oligodendrocyte differentiation","3/46","38/18723",0.000110236759782085,0.0496860804946204,0.0378158342356856,"6469/26011/4851",3
"GO:0014013","regulation of gliogenesis","4/46","103/18723",0.00011801919357392,0.0496860804946204,0.0378158342356856,"9572/6469/26011/4851",4
