"ID","Description","GeneRatio","BgRatio","pvalue","p.adjust","qvalue","geneID","Count"
"GO:0007265","Ras protein signal transduction","10/95","337/18723",8.14382124022852e-06,0.0178268246948602,0.0166048228866554,"23365/8437/9620/10163/1026/1012/4254/57221/143872/5912",10
"GO:0007264","small GTPase mediated signal transduction","11/95","502/18723",4.72692863451756e-05,0.0396993379863064,0.0369780085496744,"23365/8437/23092/9620/10163/1026/1012/4254/57221/143872/5912",11
"GO:0042327","positive regulation of phosphorylation","14/95","807/18723",5.44074983823294e-05,0.0396993379863064,0.0369780085496744,"405/5608/9094/5795/4985/374/558/8795/1026/7057/4254/5228/4909/5912",14
