"ID","Description","GeneRatio","BgRatio","pvalue","p.adjust","qvalue","geneID","Count"
"GO:0060768","regulation of epithelial cell proliferation involved in prostate gland development","2/23","10/18723",6.45708738074231e-05,0.0426042802508581,0.0288356070554684,"6469/4851",2
"GO:0060767","epithelial cell proliferation involved in prostate gland development","2/23","11/18723",7.88609639995552e-05,0.0426042802508581,0.0288356070554684,"6469/4851",2
"GO:0045665","negative regulation of neuron differentiation","3/23","69/18723",8.04685614199373e-05,0.0426042802508581,0.0288356070554684,"6469/4009/4851",3
"GO:0045685","regulation of glial cell differentiation","3/23","76/18723",0.000107365558660739,0.0426042802508581,0.0288356070554684,"6469/9572/4851",3
"GO:0048708","astrocyte differentiation","3/23","81/18723",0.000129784054123636,0.0426042802508581,0.0288356070554684,"6469/9572/4851",3
"GO:0072044","collecting duct development","2/23","15/18723",0.000150103160014767,0.0426042802508581,0.0288356070554684,"6469/4851",2
