"ID","Description","GeneRatio","BgRatio","pvalue","p.adjust","qvalue","geneID","Count"
"GO:0014855","striated muscle cell proliferation","4/46","76/18723",3.59444766501327e-05,0.0389458404504188,0.0297771611827942,"6469/26011/4851/2047",4
"GO:0045685","regulation of glial cell differentiation","4/46","76/18723",3.59444766501327e-05,0.0389458404504188,0.0297771611827942,"9572/6469/26011/4851",4
