"ID","Description","GeneRatio","BgRatio","pvalue","p.adjust","qvalue","geneID","Count"
"GO:0043065","positive regulation of apoptotic process","14/134","539/18723",3.27324994459324e-05,0.0409354908348789,0.0372047591545971,"6194/10628/3655/5608/6422/85477/7057/3624/6648/23612/355/3486/1654/3688",14
"GO:0010942","positive regulation of cell death","15/134","618/18723",3.68907182154632e-05,0.0409354908348789,0.0372047591545971,"6194/10628/3655/5608/6422/85477/7057/3624/340485/6648/23612/355/3486/1654/3688",15
"GO:0043068","positive regulation of programmed cell death","14/134","555/18723",4.49675842199328e-05,0.0409354908348789,0.0372047591545971,"6194/10628/3655/5608/6422/85477/7057/3624/6648/23612/355/3486/1654/3688",14
