"ID","Description","GeneRatio","BgRatio","pvalue","p.adjust","qvalue","geneID","Count"
"GO:0044093","positive regulation of molecular function","21/96","1493/18723",1.74979080204899e-05,0.0301061520635381,0.0269272415972018,"3646/5901/5608/3655/256987/9094/7114/6422/84168/4985/196513/23479/1654/374/558/8795/1026/7057/4254/3688/60401",21
"GO:0043068","positive regulation of programmed cell death","12/96","555/18723",2.64918471569327e-05,0.0301061520635381,0.0269272415972018,"10628/6194/5608/3655/6422/85477/1654/8795/1026/7057/3688/23612",12
"GO:0043085","positive regulation of catalytic activity","17/96","1133/18723",5.74796004832451e-05,0.0301061520635381,0.0269272415972018,"5608/3655/256987/9094/7114/6422/84168/196513/23479/1654/374/558/8795/1026/7057/4254/3688",17
"GO:0007265","Ras protein signal transduction","9/96","337/18723",5.84316332493135e-05,0.0301061520635381,0.0269272415972018,"23365/8437/9620/10163/2885/1026/1012/4254/3688",9
"GO:0008625","extrinsic apoptotic signaling pathway via death domain receptors","5/96","82/18723",6.37238487401836e-05,0.0301061520635381,0.0269272415972018,"23017/6422/1654/8795/7057",5
"GO:0010942","positive regulation of cell death","12/96","618/18723",7.47978933255606e-05,0.0301061520635381,0.0269272415972018,"10628/6194/5608/3655/6422/85477/1654/8795/1026/7057/3688/23612",12
"GO:0043065","positive regulation of apoptotic process","11/96","539/18723",9.82882603585367e-05,0.0339094498236951,0.0303289489106342,"10628/6194/5608/3655/6422/85477/1654/8795/7057/3688/23612",11
"GO:1902041","regulation of extrinsic apoptotic signaling pathway via death domain receptors","4/96","49/18723",0.000115223335984023,0.034783044550177,0.0311103007156863,"23017/6422/1654/7057",4
"GO:0097191","extrinsic apoptotic signaling pathway","7/96","219/18723",0.00013433952143418,0.0360477715848382,0.0322414851442031,"23017/3655/6422/1654/8795/7057/4254",7
