"ID","Description","GeneRatio","BgRatio","pvalue","p.adjust","qvalue","geneID","Count"
"GO:0045685","regulation of glial cell differentiation","5/61","76/18723",4.8047608536872e-06,0.011074973767749,0.00907846919196687,"9572/2043/6469/26011/4851",5
"GO:0007411","axon guidance","6/61","227/18723",9.46202953649077e-05,0.0360191919697068,0.0295259502617302,"2043/6469/2047/23768/4009/4851",6
"GO:0097485","neuron projection guidance","6/61","228/18723",9.69333644762023e-05,0.0360191919697068,0.0295259502617302,"2043/6469/2047/23768/4009/4851",6
"GO:0099537","trans-synaptic signaling","10/61","724/18723",0.000106237235220016,0.0360191919697068,0.0295259502617302,"26012/9381/2043/4842/773/5179/2899/2047/9783/6854",10
"GO:0014855","striated muscle cell proliferation","4/61","76/18723",0.000109776904879069,0.0360191919697068,0.0295259502617302,"6469/2047/26011/4851",4
"GO:0032989","cellular component morphogenesis","10/61","744/18723",0.000132867866670176,0.0360191919697068,0.0295259502617302,"26012/2043/6469/64753/2047/23768/26011/4009/4851/598",10
"GO:0048710","regulation of astrocyte differentiation","3/61","31/18723",0.00013859884652831,0.0360191919697068,0.0295259502617302,"9572/2043/4851",3
"GO:0099536","synaptic signaling","10/61","748/18723",0.000138822775603366,0.0360191919697068,0.0295259502617302,"26012/9381/2043/4842/773/5179/2899/2047/9783/6854",10
"GO:0048708","astrocyte differentiation","4/61","81/18723",0.000140638927430525,0.0360191919697068,0.0295259502617302,"9572/2043/6469/4851",4
