"ID","Description","GeneRatio","BgRatio","pvalue","p.adjust","qvalue","geneID","Count"
"GO:0071824","protein-DNA complex subunit organization","4/22","241/18723",0.000163205635446926,0.0424617030680708,0.0353278246624721,"9733/6418/55729/6605",4
"GO:0006337","nucleosome disassembly","2/22","18/18723",0.000199368632776114,0.0424617030680708,0.0353278246624721,"6418/6605",2
"GO:0031498","chromatin disassembly","2/22","20/18723",0.00024722971218673,0.0424617030680708,0.0353278246624721,"6418/6605",2
"GO:0032986","protein-DNA complex disassembly","2/22","20/18723",0.00024722971218673,0.0424617030680708,0.0353278246624721,"6418/6605",2
