"ID","Description","GeneRatio","BgRatio","pvalue","p.adjust","qvalue","geneID","Count"
"GO:0014855","striated muscle cell proliferation","4/48","76/18723",4.25974038613006e-05,0.0452597416026319,0.0347505136763242,"6469/26011/4851/2047",4
"GO:0045685","regulation of glial cell differentiation","4/48","76/18723",4.25974038613006e-05,0.0452597416026319,0.0347505136763242,"9572/6469/26011/4851",4
