"ID","Description","GeneRatio","BgRatio","pvalue","p.adjust","qvalue","geneID","Count"
"GO:0014855","striated muscle cell proliferation","4/51","76/18723",5.42065276489711e-05,0.0411481281036197,0.0330352858177478,"6469/26011/4851/2047",4
"GO:0045685","regulation of glial cell differentiation","4/51","76/18723",5.42065276489711e-05,0.0411481281036197,0.0330352858177478,"9572/6469/26011/4851",4
"GO:0048646","anatomical structure formation involved in morphogenesis","12/51","1175/18723",5.69918671795286e-05,0.0411481281036197,0.0330352858177478,"4842/6469/25861/4868/2308/26011/9555/4851/23670/2047/576/9622",12
