"ID","Description","GeneRatio","BgRatio","pvalue","p.adjust","qvalue","geneID","Count"
"GO:0022008","neurogenesis","11/28","1632/18723",1.13357725711254e-05,0.0143510880750448,0.0112283810415042,"85407/26227/3397/11113/9572/10397/1956/23017/9922/4884/655",11
"GO:0021782","glial cell development","4/28","116/18723",2.55317616152852e-05,0.0161616051024755,0.0126449408842018,"26227/9572/10397/1956",4
"GO:0048699","generation of neurons","10/28","1514/18723",3.92583489292987e-05,0.016567023248164,0.0129621425763053,"85407/26227/3397/11113/9572/1956/23017/9922/4884/655",10
"GO:0009968","negative regulation of signal transduction","9/28","1262/18723",5.97086378829035e-05,0.0188977838899389,0.01478574427574,"6002/85407/11113/9572/1956/10076/23017/7078/655",9
"GO:0010648","negative regulation of cell communication","9/28","1363/18723",0.000108570326841275,0.0234319026815126,0.0183332671682908,"6002/85407/11113/9572/1956/10076/23017/7078/655",9
"GO:0023057","negative regulation of signaling","9/28","1367/18723",0.000111051671476363,0.0234319026815126,0.0183332671682908,"6002/85407/11113/9572/1956/10076/23017/7078/655",9
