"ID","Description","GeneRatio","BgRatio","pvalue","p.adjust","qvalue","geneID","Count"
"GO:0007265","Ras protein signal transduction","10/106","337/18723",2.15604678755314e-05,0.0300670361662117,0.0280806419844543,"23365/8437/9620/10163/1026/1012/4254/57221/143872/5912",10
"GO:0007264","small GTPase mediated signal transduction","12/106","502/18723",2.70961937203993e-05,0.0300670361662117,0.0280806419844543,"23365/8437/23092/9620/10163/1026/1012/4254/116985/57221/143872/5912",12
"GO:0072331","signal transduction by p53 class mediator","7/106","163/18723",3.94235614067461e-05,0.0300670361662117,0.0280806419844543,"5608/1026/144455/60401/23612/64782/4193",7
"GO:0072332","intrinsic apoptotic signaling pathway by p53 class mediator","5/106","76/18723",7.10166206562806e-05,0.0406215070153925,0.0379378262979604,"1026/60401/23612/64782/4193",5
