"ID","Description","GeneRatio","BgRatio","pvalue","p.adjust","qvalue","geneID","Count"
"GO:0007265","Ras protein signal transduction","10/106","337/18723",2.15604678755314e-05,0.0342224926688643,0.0302051254209504,"23365/8437/9620/10163/1012/4254/50848/1026/3688/5925",10
"GO:0007264","small GTPase mediated signal transduction","12/106","502/18723",2.70961937203993e-05,0.0342224926688643,0.0302051254209504,"23365/23092/8437/9620/116985/10163/1012/4254/50848/1026/3688/5925",12
