"ID","Description","GeneRatio","BgRatio","pvalue","p.adjust","qvalue","geneID","Count"
"GO:0016477","cell migration","16/61","1526/18723",2.08926260049364e-05,0.0132083635077597,0.0112268827851662,"5919/26012/5176/30011/85407/3397/5414/9922/960/10076/4814/8828/1956/25777/1902/975",16
"GO:0048870","cell motility","17/61","1710/18723",2.14886608043813e-05,0.0132083635077597,0.0112268827851662,"5919/26012/5176/30011/85407/3397/93185/5414/9922/960/10076/4814/8828/1956/25777/1902/975",17
"GO:0051674","localization of cell","17/61","1710/18723",2.14886608043813e-05,0.0132083635077597,0.0112268827851662,"5919/26012/5176/30011/85407/3397/93185/5414/9922/960/10076/4814/8828/1956/25777/1902/975",17
"GO:0022008","neurogenesis","16/61","1632/18723",4.75956494963341e-05,0.02194159441781,0.0186499795000109,"11113/26227/26012/5176/10397/85407/3397/5414/9922/23017/5997/8828/1956/4884/25777/1902",16
"GO:0040011","locomotion","17/61","1878/18723",7.1139073635413e-05,0.0262360903567403,0.0223002275038168,"5919/26012/5176/30011/85407/3397/93185/5414/9922/960/10076/4814/8828/1956/25777/1902/975",17
"GO:0007193","adenylate cyclase-inhibiting G protein-coupled receptor signaling pathway","4/61","78/18723",0.000121459768830978,0.0373286356207206,0.0317287010156713,"2899/6752/5997/1902",4
