"ID","Description","GeneRatio","BgRatio","pvalue","p.adjust","qvalue","geneID","Count"
"GO:0048699","generation of neurons","10/30","1514/18723",7.73789361373291e-05,0.0313847890451734,0.0260566075900856,"9572/85407/11113/26227/26012/3397/8828/9922/5414/30812",10
"GO:0016477","cell migration","10/30","1526/18723",8.27229217324819e-05,0.0313847890451734,0.0260566075900856,"5919/85407/10076/26012/3397/8828/9922/5414/30812/4814",10
"GO:0040011","locomotion","11/30","1878/18723",9.00137353112048e-05,0.0313847890451734,0.0260566075900856,"5919/85407/10076/26012/3397/8828/9922/5414/117283/30812/4814",11
"GO:0022008","neurogenesis","10/30","1632/18723",0.000145356567915216,0.0373170987421794,0.0309817917503251,"9572/85407/11113/26227/26012/3397/8828/9922/5414/30812",10
"GO:0048870","cell motility","10/30","1710/18723",0.000214056015729519,0.0373170987421794,0.0309817917503251,"5919/85407/10076/26012/3397/8828/9922/5414/30812/4814",10
"GO:0051674","localization of cell","10/30","1710/18723",0.000214056015729519,0.0373170987421794,0.0309817917503251,"5919/85407/10076/26012/3397/8828/9922/5414/30812/4814",10
