"ID","Description","GeneRatio","BgRatio","pvalue","p.adjust","qvalue","geneID","Count"
"GO:0043065","positive regulation of apoptotic process","14/123","539/18723",1.23363974517098e-05,0.0230628030334364,0.0209113785063814,"6194/5608/3655/2308/6422/3635/8795/7157/3624/27113/7057/23612/3486/85477",14
"GO:0043068","positive regulation of programmed cell death","14/123","555/18723",1.70962216704495e-05,0.0230628030334364,0.0209113785063814,"6194/5608/3655/2308/6422/3635/8795/7157/3624/27113/7057/23612/3486/85477",14
"GO:0010942","positive regulation of cell death","14/123","618/18723",5.53531806016296e-05,0.0497809604210656,0.0451371199011183,"6194/5608/3655/2308/6422/3635/8795/7157/3624/27113/7057/23612/3486/85477",14
