"ID","Description","GeneRatio","BgRatio","pvalue","p.adjust","qvalue","geneID","Count"
"GO:0014855","striated muscle cell proliferation","4/43","76/18723",2.74349180582509e-05,0.0377223198434,0.0280964267121657,"6469/26011/4851/2047",4
"GO:0007254","JNK cascade","5/43","167/18723",3.89090457384218e-05,0.0377223198434,0.0280964267121657,"344558/55437/4868/7164/2047",5
