"ID","Description","GeneRatio","BgRatio","pvalue","p.adjust","qvalue","geneID","Count"
"GO:0045685","regulation of glial cell differentiation","4/36","76/18723",1.33796940327052e-05,0.0259030876473172,0.0187174877573318,"9572/6469/26011/4851",4
"GO:0014013","regulation of gliogenesis","4/36","103/18723",4.4437215932259e-05,0.0283048828513949,0.0204530172409221,"9572/6469/26011/4851",4
"GO:0048713","regulation of oligodendrocyte differentiation","3/36","38/18723",5.25817685140265e-05,0.0283048828513949,0.0204530172409221,"6469/26011/4851",3
"GO:0045687","positive regulation of glial cell differentiation","3/36","42/18723",7.11780557052771e-05,0.0283048828513949,0.0204530172409221,"6469/26011/4851",3
"GO:0014902","myotube differentiation","4/36","117/18723",7.31014536451316e-05,0.0283048828513949,0.0204530172409221,"4842/6469/4851/4868",4
"GO:0060768","regulation of epithelial cell proliferation involved in prostate gland development","2/36","10/18723",0.000160194595771384,0.0473246845120748,0.0341966647001671,"6469/4851",2
"GO:0061005","cell differentiation involved in kidney development","3/36","57/18723",0.000177860079364446,0.0473246845120748,0.0341966647001671,"6469/4851/4868",3
"GO:0060767","epithelial cell proliferation involved in prostate gland development","2/36","11/18723",0.000195556547570557,0.0473246845120748,0.0341966647001671,"6469/4851",2
