"ID","Description","GeneRatio","BgRatio","pvalue","p.adjust","qvalue","geneID","Count"
"GO:0015908","fatty acid transport","6/102","86/18723",7.44904015828646e-06,0.0163729902679136,0.0157057130916293,"5608/5825/8529/7057/8792/54677",6
"GO:2000191","regulation of fatty acid transport","4/102","32/18723",2.65502194926846e-05,0.0291786912224604,0.0279895208651828,"5608/8529/7057/8792",4
