"ID","Description","GeneRatio","BgRatio","pvalue","p.adjust","qvalue","geneID","Count"
"GO:0015908","fatty acid transport","6/111","86/18723",1.21200158455367e-05,0.0280335966507264,0.0264088766318536,"5608/5825/8529/7057/8792/54677",6
"GO:2000191","regulation of fatty acid transport","4/111","32/18723",3.7016922069023e-05,0.0428100703728251,0.0403289624646724,"5608/8529/7057/8792",4
