"ID","Description","GeneRatio","BgRatio","pvalue","p.adjust","qvalue","geneID","Count"
"GO:0048934","peripheral nervous system neuron differentiation","2/19","12/18723",6.40048456886726e-05,0.0291862096340347,0.0235470458612537,"3670/4744",2
"GO:0048935","peripheral nervous system neuron development","2/19","12/18723",6.40048456886726e-05,0.0291862096340347,0.0235470458612537,"3670/4744",2
