"ID","Description","GeneRatio","BgRatio","pvalue","p.adjust","qvalue","geneID","Count"
"GO:0120035","regulation of plasma membrane bounded cell projection organization","10/46","628/18723",2.29710602068753e-06,0.00237279989484603,0.00199347871145943,"9139/139818/5997/6091/7804/64787/5580/3985/8408/10611",10
"GO:0031344","regulation of cell projection organization","10/46","646/18723",2.95675999357761e-06,0.00237279989484603,0.00199347871145943,"9139/139818/5997/6091/7804/64787/5580/3985/8408/10611",10
"GO:0120036","plasma membrane bounded cell projection organization","13/46","1478/18723",3.77190573350693e-05,0.0164471442224568,0.013817866370859,"7408/9139/139818/5997/6091/7804/64787/7410/9922/5580/3985/8408/10611",13
"GO:0048699","generation of neurons","13/46","1514/18723",4.85026449312071e-05,0.0164471442224568,0.013817866370859,"7408/9139/6929/30812/639/5997/6091/26508/7804/9922/5414/8408/10611",13
"GO:0030030","cell projection organization","13/46","1522/18723",5.12372094157534e-05,0.0164471442224568,0.013817866370859,"7408/9139/139818/5997/6091/7804/64787/7410/9922/5580/3985/8408/10611",13
"GO:0030182","neuron differentiation","12/46","1363/18723",8.03124596482859e-05,0.0214835829559165,0.0180491685630621,"7408/9139/6929/30812/639/5997/6091/26508/7804/9922/8408/10611",12
"GO:0022008","neurogenesis","13/46","1632/18723",0.000105112878918827,0.024100881523531,0.0202480598338372,"7408/9139/6929/30812/639/5997/6091/26508/7804/9922/5414/8408/10611",13
"GO:0051130","positive regulation of cellular component organization","10/46","1047/18723",0.000184684511036818,0.0370523300267615,0.0311290603471268,"7408/9139/139818/5997/6091/7804/64787/80351/9922/8408",10
"GO:0031346","positive regulation of cell projection organization","6/46","353/18723",0.000213391962416358,0.0380548999642504,0.0319713571760648,"9139/139818/5997/6091/7804/64787",6
