"ID","Description","GeneRatio","BgRatio","pvalue","p.adjust","qvalue","geneID","Count"
"GO:0061564","axon development","5/17","467/18723",4.5623439619876e-05,0.0151293909554252,0.0113856955976205,"4744/27242/5015/3670/66008",5
"GO:0048934","peripheral nervous system neuron differentiation","2/17","12/18723",5.09407102876269e-05,0.0151293909554252,0.0113856955976205,"4744/3670",2
"GO:0048935","peripheral nervous system neuron development","2/17","12/18723",5.09407102876269e-05,0.0151293909554252,0.0113856955976205,"4744/3670",2
"GO:0048667","cell morphogenesis involved in neuron differentiation","5/17","544/18723",9.41416979955788e-05,0.0209700632285152,0.0157811214797852,"4744/5015/92211/3670/66008",5
"GO:0048666","neuron development","6/17","1104/18723",0.000292075675310797,0.0437108772737683,0.0328948299644284,"4744/27242/5015/92211/3670/66008",6
"GO:0000904","cell morphogenesis involved in differentiation","5/17","694/18723",0.000294349341910897,0.0437108772737683,0.0328948299644284,"4744/5015/92211/3670/66008",5
