"ID","Description","GeneRatio","BgRatio","pvalue","p.adjust","qvalue","geneID","Count"
"GO:0048934","peripheral nervous system neuron differentiation","2/17","12/18723",5.09407102876269e-05,0.0211913354796528,0.0161133509909809,"4744/3670",2
"GO:0048935","peripheral nervous system neuron development","2/17","12/18723",5.09407102876269e-05,0.0211913354796528,0.0161133509909809,"4744/3670",2
"GO:0048667","cell morphogenesis involved in neuron differentiation","5/17","544/18723",9.41416979955788e-05,0.0261086309107739,0.0198523370159098,"4744/5015/92211/3670/66008",5
