"ID","Description","GeneRatio","BgRatio","pvalue","p.adjust","qvalue","geneID","Count"
"GO:0022008","neurogenesis","13/42","1632/18723",3.66624182763589e-05,0.0336214594098319,0.0296245982525973,"6929/9139/7408/639/5997/30812/9922/55502/10611/8408/7520/5179/5414",13
"GO:0003006","developmental process involved in reproduction","10/42","992/18723",5.19250338375782e-05,0.0336214594098319,0.0296245982525973,"6599/6752/639/8728/5997/30812/1618/3985/23198/5414",10
"GO:0048699","generation of neurons","12/42","1514/18723",8.38227608189141e-05,0.0361834917534979,0.0318820606062116,"6929/9139/7408/639/5997/30812/9922/55502/10611/8408/7520/5414",12
