"ID","Description","GeneRatio","BgRatio","pvalue","p.adjust","qvalue","geneID","Count"
"GO:0061061","muscle structure development","8/38","636/18723",3.36496316401679e-05,0.0318126909733537,0.0255066893450061,"4627/8763/3688/5725/27230/11149/1832/3164",8
"GO:0001667","ameboidal-type cell migration","7/38","475/18723",4.13151830822775e-05,0.0318126909733537,0.0255066893450061,"388/4627/3688/10163/2768/8879/3164",7
