"ID","Description","GeneRatio","BgRatio","pvalue","p.adjust","qvalue","geneID","Count"
"GO:0022008","neurogenesis","15/50","1632/18723",1.42915530699107e-05,0.023400942011515,0.0191800099333479,"6929/30812/7408/639/6091/9139/5997/26508/387/9922/10611/5179/7520/5414/55502",15
"GO:0048699","generation of neurons","14/50","1514/18723",2.80755153107558e-05,0.023400942011515,0.0191800099333479,"6929/30812/7408/639/6091/9139/5997/26508/387/9922/10611/7520/5414/55502",14
