"ID","Description","GeneRatio","BgRatio","pvalue","p.adjust","qvalue","geneID","Count"
"GO:0001655","urogenital system development","5/24","338/18723",5.96556846029512e-05,0.0350242738861595,0.0269180171465969,"6599/30812/8549/4811/26508",5
"GO:0031346","positive regulation of cell projection organization","5/24","353/18723",7.32725395107939e-05,0.0350242738861595,0.0269180171465969,"9139/139818/5997/6091/64787",5
