"ID","Description","GeneRatio","BgRatio","pvalue","p.adjust","qvalue","geneID","Count"
"GO:0003006","developmental process involved in reproduction","10/43","992/18723",6.44753918238134e-05,0.047030278737211,0.0380137352491234,"6599/8728/30812/5997/6752/639/23198/8549/3985/1618",10
"GO:0120035","regulation of plasma membrane bounded cell projection organization","8/43","628/18723",7.86523121741311e-05,0.047030278737211,0.0380137352491234,"9139/5997/139818/387/6091/3985/10611/10602",8
"GO:0031344","regulation of cell projection organization","8/43","646/18723",9.57697514179226e-05,0.047030278737211,0.0380137352491234,"9139/5997/139818/387/6091/3985/10611/10602",8
"GO:0001655","urogenital system development","6/43","338/18723",0.000114918213163619,0.047030278737211,0.0380137352491234,"6599/30812/639/4811/387/8549",6
