"ID","Description","GeneRatio","BgRatio","pvalue","p.adjust","qvalue","geneID","Count"
"GO:0031346","positive regulation of cell projection organization","7/53","353/18723",5.83550827523541e-05,0.031006412745563,0.0277245475988968,"5997/6091/139818/9139/7804/10602/64787",7
"GO:0120035","regulation of plasma membrane bounded cell projection organization","9/53","628/18723",6.00789386987124e-05,0.031006412745563,0.0277245475988968,"5997/6091/139818/9139/7804/10602/64787/10611/3985",9
"GO:0031344","regulation of cell projection organization","9/53","646/18723",7.46562685278072e-05,0.031006412745563,0.0277245475988968,"5997/6091/139818/9139/7804/10602/64787/10611/3985",9
"GO:0003006","developmental process involved in reproduction","11/53","992/18723",8.56530738827707e-05,0.031006412745563,0.0277245475988968,"30812/8728/6599/6752/5997/639/8549/1618/23198/5414/3985",11
"GO:0007276","gamete generation","9/53","721/18723",0.000171717640073432,0.0497294285652659,0.0444658310084887,"30812/6752/5997/639/8549/1618/23198/5414/3985",9
