"ID","Description","GeneRatio","BgRatio","pvalue","p.adjust","qvalue","geneID","Count"
"GO:0045595","regulation of cell differentiation","16/61","1554/18723",2.61576593423668e-05,0.0437356064204373,0.037391685670457,"252995/30812/6929/639/55544/5997/6091/11173/7520/8408/221662/5613/55502/4254/4009/84959",16
