"ID","Description","GeneRatio","BgRatio","pvalue","p.adjust","qvalue","geneID","Count"
"GO:0003170","heart valve development","3/30","65/18723",0.000151630718753156,0.0498893075062315,0.0388854973280079,"639/6091/26508",3
"GO:0051130","positive regulation of cellular component organization","8/30","1047/18723",0.000180613072808403,0.0498893075062315,0.0388854973280079,"7408/9139/139818/5997/6091/64787/80351/9922",8
"GO:0001655","urogenital system development","5/30","338/18723",0.000183008365441437,0.0498893075062315,0.0388854973280079,"6599/30812/639/4811/26508",5
"GO:0030182","neuron differentiation","9/30","1363/18723",0.000196949469327678,0.0498893075062315,0.0388854973280079,"7408/9139/6929/30812/639/5997/6091/26508/9922",9
"GO:0003281","ventricular septum development","3/30","71/18723",0.000197126069173864,0.0498893075062315,0.0388854973280079,"639/6091/26508",3
"GO:0031346","positive regulation of cell projection organization","5/30","353/18723",0.000223886196737015,0.0498893075062315,0.0388854973280079,"9139/139818/5997/6091/64787",5
