"ID","Description","GeneRatio","BgRatio","pvalue","p.adjust","qvalue","geneID","Count"
"GO:0003006","developmental process involved in reproduction","11/46","992/18723",2.10620173376628e-05,0.0282231032324682,0.0245427928345187,"30812/8728/6599/6752/5997/639/8549/1618/23198/5414/3985",11
"GO:0007276","gamete generation","9/46","721/18723",5.42911629053894e-05,0.0363750791466109,0.0316317459664558,"30812/6752/5997/639/8549/1618/23198/5414/3985",9
"GO:0120035","regulation of plasma membrane bounded cell projection organization","8/46","628/18723",0.000129546621476085,0.0367063869899743,0.0319198510588386,"5997/6091/139818/9139/7804/10602/10611/3985",8
"GO:0031344","regulation of cell projection organization","8/46","646/18723",0.000157336782843113,0.0367063869899743,0.0319198510588386,"5997/6091/139818/9139/7804/10602/10611/3985",8
"GO:0048609","multicellular organismal reproductive process","9/46","853/18723",0.00019538630145128,0.0367063869899743,0.0319198510588386,"30812/6752/5997/639/8549/1618/23198/5414/3985",9
"GO:0031346","positive regulation of cell projection organization","6/46","353/18723",0.000213391962416358,0.0367063869899743,0.0319198510588386,"5997/6091/139818/9139/7804/10602",6
"GO:0048699","generation of neurons","12/46","1514/18723",0.00021788959684573,0.0367063869899743,0.0319198510588386,"30812/7408/5997/639/6091/6929/9139/9922/7804/10611/55502/5414",12
"GO:0032504","multicellular organism reproduction","9/46","873/18723",0.000232308624113347,0.0367063869899743,0.0319198510588386,"30812/6752/5997/639/8549/1618/23198/5414/3985",9
"GO:0019953","sexual reproduction","9/46","880/18723",0.00024653543500729,0.0367063869899743,0.0319198510588386,"30812/6752/5997/639/8549/1618/23198/5414/3985",9
