"ID","Description","GeneRatio","BgRatio","pvalue","p.adjust","qvalue","geneID","Count"
"GO:0072359","circulatory system development","13/49","1179/18723",7.14522819421559e-06,0.0130686223672203,0.0103267350638505,"4627/10163/3688/5396/9686/3949/221662/8879/388/11149/3164/156/1832",13
"GO:0030029","actin filament-based process","10/49","798/18723",3.39078472066014e-05,0.0249448626449242,0.0197112580423475,"7094/4627/10163/3688/8826/388/1266/1832/7114/6386",10
"GO:0008360","regulation of cell shape","5/49","154/18723",5.02377429136394e-05,0.0249448626449242,0.0197112580423475,"4627/54751/388/11149/56882",5
"GO:0009888","tissue development","15/49","1870/18723",5.4554100918369e-05,0.0249448626449242,0.0197112580423475,"22856/3688/5396/9686/8826/221662/388/4880/11149/1266/3164/7296/1832/4097/6386",15
"GO:0030036","actin cytoskeleton organization","9/49","712/18723",8.29597719310287e-05,0.0303466845723703,0.0239797403918531,"7094/4627/10163/3688/8826/388/1266/7114/6386",9
