"ID","Description","GeneRatio","BgRatio","pvalue","p.adjust","qvalue","geneID","Count"
"GO:0003006","developmental process involved in reproduction","10/43","992/18723",6.44753918238134e-05,0.0466855240977201,0.0377415605337359,"6599/8728/30812/5997/6752/639/23198/8549/3985/1618",10
"GO:0120035","regulation of plasma membrane bounded cell projection organization","8/43","628/18723",7.86523121741311e-05,0.0466855240977201,0.0377415605337359,"9139/5997/139818/387/6091/3985/10611/10602",8
"GO:0031344","regulation of cell projection organization","8/43","646/18723",9.57697514179226e-05,0.0466855240977201,0.0377415605337359,"9139/5997/139818/387/6091/3985/10611/10602",8
"GO:0001655","urogenital system development","6/43","338/18723",0.000114918213163619,0.0466855240977201,0.0377415605337359,"6599/30812/639/4811/387/8549",6
"GO:0009888","tissue development","13/43","1870/18723",0.000195175394541324,0.0473676227891355,0.0382929834758485,"7408/30812/9139/5997/639/11149/387/8549/6091/11173/7296/10611/4097",13
"GO:0010628","positive regulation of gene expression","10/43","1138/18723",0.000200839121289279,0.0473676227891355,0.0382929834758485,"8728/30812/55765/639/387/6091/3949/1618/9792/4097",10
"GO:0007276","gamete generation","8/43","721/18723",0.00020404514432243,0.0473676227891355,0.0382929834758485,"30812/5997/6752/639/23198/8549/3985/1618",8
