"ID","Description","GeneRatio","BgRatio","pvalue","p.adjust","qvalue","geneID","Count"
"GO:0003006","developmental process involved in reproduction","10/41","992/18723",4.15169171039878e-05,0.0323473298058575,0.0255890956138593,"6599/8728/30812/5997/6752/639/23198/8549/3985/1618",10
"GO:0120035","regulation of plasma membrane bounded cell projection organization","8/41","628/18723",5.49769987572466e-05,0.0323473298058575,0.0255890956138593,"9139/5997/139818/387/6091/3985/10611/10602",8
"GO:0031344","regulation of cell projection organization","8/41","646/18723",6.70566042808106e-05,0.0323473298058575,0.0255890956138593,"9139/5997/139818/387/6091/3985/10611/10602",8
"GO:0001655","urogenital system development","6/41","338/18723",8.73661844857732e-05,0.0323473298058575,0.0255890956138593,"6599/30812/639/4811/387/8549",6
"GO:0009888","tissue development","13/41","1870/18723",0.000113705742947766,0.0336796410611283,0.0266430509264976,"7408/30812/9139/5997/639/11149/387/8549/6091/11173/7296/10611/4097",13
"GO:0007276","gamete generation","8/41","721/18723",0.000143891972764887,0.0355173352774663,0.0280968009977753,"30812/5997/6752/639/23198/8549/3985/1618",8
