"ID","Description","GeneRatio","BgRatio","pvalue","p.adjust","qvalue","geneID","Count"
"GO:0022008","neurogenesis","14/46","1632/18723",2.2923814142811e-05,0.0295626890347071,0.0242033711395263,"7408/639/9139/30812/5997/6929/6091/26508/9922/7804/5179/10611/55502/7520",14
"GO:0048699","generation of neurons","13/46","1514/18723",4.85026449312071e-05,0.0295626890347071,0.0242033711395263,"7408/639/9139/30812/5997/6929/6091/26508/9922/7804/10611/55502/7520",13
"GO:0045595","regulation of cell differentiation","13/46","1554/18723",6.35756753434561e-05,0.0295626890347071,0.0242033711395263,"55544/639/30812/5997/6929/252995/6091/26508/11173/7804/221662/55502/7520",13
"GO:0120035","regulation of plasma membrane bounded cell projection organization","8/46","628/18723",0.000129546621476085,0.0425259696529741,0.0348165833416162,"9139/5997/6091/139818/7804/10602/3985/10611",8
"GO:0031344","regulation of cell projection organization","8/46","646/18723",0.000157336782843113,0.0425259696529741,0.0348165833416162,"9139/5997/6091/139818/7804/10602/3985/10611",8
"GO:0003197","endocardial cushion development","3/46","45/18723",0.000183208291151405,0.0425259696529741,0.0348165833416162,"6091/26508/221662",3
"GO:0031346","positive regulation of cell projection organization","6/46","353/18723",0.000213391962416358,0.0425259696529741,0.0348165833416162,"9139/5997/6091/139818/7804/10602",6
"GO:0050767","regulation of neurogenesis","6/46","364/18723",0.000251725360240932,0.0438946096920125,0.0359371073501857,"30812/6091/26508/7804/55502/7520",6
