"ID","Description","GeneRatio","BgRatio","pvalue","p.adjust","qvalue","geneID","Count"
"GO:0001655","urogenital system development","6/35","338/18723",3.45457570485565e-05,0.0271611092857882,0.0220569615627999,"30812/6599/26508/639/8549/59",6
"GO:0031346","positive regulation of cell projection organization","6/35","353/18723",4.40212468165124e-05,0.0271611092857882,0.0220569615627999,"5997/6091/139818/9139/10602/64787",6
"GO:0072132","mesenchyme morphogenesis","3/35","52/18723",0.000124200930352199,0.0479001185348964,0.0388986717096489,"26508/6091/59",3
"GO:0035295","tube development","9/35","1113/18723",0.000155267807244397,0.0479001185348964,0.0388986717096489,"30812/7408/26508/7410/639/6091/9139/8549/23670",9
"GO:0072001","renal system development","5/35","302/18723",0.00023056040280752,0.0483563202755153,0.0392691434805856,"30812/26508/639/8549/59",5
"GO:0003170","heart valve development","3/35","65/18723",0.000241429217975933,0.0483563202755153,0.0392691434805856,"26508/639/6091",3
"GO:0007264","small GTPase mediated signal transduction","6/35","502/18723",0.000302103749485572,0.0483563202755153,0.0392691434805856,"7410/6091/139818/9922/10602/64787",6
"GO:0003281","ventricular septum development","3/35","71/18723",0.000313493162239969,0.0483563202755153,0.0392691434805856,"26508/639/6091",3
