"ID","Description","GeneRatio","BgRatio","pvalue","p.adjust","qvalue","geneID","Count"
"GO:0120035","regulation of plasma membrane bounded cell projection organization","8/36","628/18723",2.01847883137302e-05,0.0151692751720475,0.0119985173153415,"9139/5997/139818/6091/7804/10602/3985/10611",8
"GO:0031344","regulation of cell projection organization","8/36","646/18723",2.47257949014629e-05,0.0151692751720475,0.0119985173153415,"9139/5997/139818/6091/7804/10602/3985/10611",8
"GO:0031346","positive regulation of cell projection organization","6/36","353/18723",5.19934891566828e-05,0.0212653370650833,0.0168203498254251,"9139/5997/139818/6091/7804/10602",6
