"ID","Description","GeneRatio","BgRatio","pvalue","p.adjust","qvalue","geneID","Count"
"GO:0001655","urogenital system development","6/38","338/18723",5.61388413752923e-05,0.0433340072352325,0.036634576479972,"30812/6599/639/8549/4811/59",6
"GO:0031346","positive regulation of cell projection organization","6/38","353/18723",7.13904567302019e-05,0.0433340072352325,0.036634576479972,"5997/6091/139818/9139/10602/64787",6
