"ID","Description","GeneRatio","BgRatio","pvalue","p.adjust","qvalue","geneID","Count"
"GO:0031346","positive regulation of cell projection organization","6/28","353/18723",1.14200428238507e-05,0.0127561878342413,0.010253996346047,"9139/5997/139818/6091/7804/10602",6
"GO:0120035","regulation of plasma membrane bounded cell projection organization","7/28","628/18723",2.95717746493048e-05,0.0131916108584687,0.0106040089169993,"9139/5997/139818/6091/7804/10602/3985",7
"GO:0031344","regulation of cell projection organization","7/28","646/18723",3.54295725831747e-05,0.0131916108584687,0.0106040089169993,"9139/5997/139818/6091/7804/10602/3985",7
