"ID","Description","GeneRatio","BgRatio","pvalue","p.adjust","qvalue","geneID","Count"
"GO:0120035","regulation of plasma membrane bounded cell projection organization","10/49","628/18723",4.2295690900225e-06,0.00483519930181485,0.00404088289415539,"9139/139818/5997/6091/64787/5580/3985/8408/10611/1902",10
"GO:0031344","regulation of cell projection organization","10/49","646/18723",5.42975777856806e-06,0.00483519930181485,0.00404088289415539,"9139/139818/5997/6091/64787/5580/3985/8408/10611/1902",10
"GO:0022008","neurogenesis","15/49","1632/18723",1.08745812787287e-05,0.00645587641913859,0.005395318571271,"7408/9139/6929/30812/639/5997/6091/3949/26508/9922/5414/8408/10611/1902/5179",15
"GO:0048699","generation of neurons","14/49","1514/18723",2.18262190876425e-05,0.00971812404877281,0.00812165099734907,"7408/9139/6929/30812/639/5997/6091/3949/26508/9922/5414/8408/10611/1902",14
"GO:0120036","plasma membrane bounded cell projection organization","13/49","1478/18723",7.78687072906859e-05,0.0277368335369423,0.0231802846545326,"7408/9139/139818/5997/6091/64787/7410/9922/5580/3985/8408/10611/1902",13
"GO:0030030","cell projection organization","13/49","1522/18723",0.000105057596549271,0.0311845965757086,0.0260616564071349,"7408/9139/139818/5997/6091/64787/7410/9922/5580/3985/8408/10611/1902",13
"GO:0031345","negative regulation of cell projection organization","5/49","186/18723",0.000122670152384925,0.0312107916282215,0.0260835481913208,"9139/5580/3985/8408/1902",5
"GO:0030182","neuron differentiation","12/49","1363/18723",0.000155360763024918,0.0345871898684224,0.0289052788048992,"7408/9139/6929/30812/639/5997/6091/26508/9922/8408/10611/1902",12
"GO:0003197","endocardial cushion development","3/49","45/18723",0.000221243204036746,0.0437815718210494,0.0365892269599952,"6091/26508/221662",3
