"ID","Description","GeneRatio","BgRatio","pvalue","p.adjust","qvalue","geneID","Count"
"GO:0003006","developmental process involved in reproduction","12/54","992/18723",1.99025474269886e-05,0.0298339185930559,0.0258314115552389,"639/6752/6599/30812/5997/8728/8549/23198/5414/1618/3985/4254",12
"GO:0031346","positive regulation of cell projection organization","7/54","353/18723",6.59733179466605e-05,0.0325583331196225,0.0281903196773249,"9139/5997/139818/6091/7804/10602/64787",7
"GO:0120035","regulation of plasma membrane bounded cell projection organization","9/54","628/18723",6.99764741006692e-05,0.0325583331196225,0.0281903196773249,"9139/5997/139818/6091/7804/3985/10611/10602/64787",9
"GO:0031344","regulation of cell projection organization","9/54","646/18723",8.68801417468246e-05,0.0325583331196225,0.0281903196773249,"9139/5997/139818/6091/7804/3985/10611/10602/64787",9
