"ID","Description","GeneRatio","BgRatio","pvalue","p.adjust","qvalue","geneID","Count"
"GO:0003006","developmental process involved in reproduction","11/46","992/18723",2.10620173376628e-05,0.0296763824287669,0.0256291495182508,"6599/6752/8549/639/8728/5997/30812/1618/3985/23198/5414",11
"GO:0007276","gamete generation","9/46","721/18723",5.42911629053894e-05,0.0382481242668468,0.0330318864834895,"6752/8549/639/5997/30812/1618/3985/23198/5414",9
"GO:0120035","regulation of plasma membrane bounded cell projection organization","8/46","628/18723",0.000129546621476085,0.043421053490659,0.0374993372195299,"9139/5997/139818/6091/10602/64787/3985/10611",8
"GO:0031344","regulation of cell projection organization","8/46","646/18723",0.000157336782843113,0.043421053490659,0.0374993372195299,"9139/5997/139818/6091/10602/64787/3985/10611",8
"GO:0048609","multicellular organismal reproductive process","9/46","853/18723",0.00019538630145128,0.043421053490659,0.0374993372195299,"6752/8549/639/5997/30812/1618/3985/23198/5414",9
"GO:0031346","positive regulation of cell projection organization","6/46","353/18723",0.000213391962416358,0.043421053490659,0.0374993372195299,"9139/5997/139818/6091/10602/64787",6
"GO:0032504","multicellular organism reproduction","9/46","873/18723",0.000232308624113347,0.043421053490659,0.0374993372195299,"6752/8549/639/5997/30812/1618/3985/23198/5414",9
"GO:0019953","sexual reproduction","9/46","880/18723",0.00024653543500729,0.043421053490659,0.0374993372195299,"6752/8549/639/5997/30812/1618/3985/23198/5414",9
