"ID","Description","GeneRatio","BgRatio","pvalue","p.adjust","qvalue","geneID","Count"
"GO:0048934","peripheral nervous system neuron differentiation","2/19","12/18723",6.40048456886726e-05,0.0244878727065867,0.0181274050329893,"4744/3670",2
"GO:0048935","peripheral nervous system neuron development","2/19","12/18723",6.40048456886726e-05,0.0244878727065867,0.0181274050329893,"4744/3670",2
"GO:0061564","axon development","5/19","467/18723",8.22660897197762e-05,0.0244878727065867,0.0181274050329893,"4744/3670/27242/5015/4884",5
"GO:1903530","regulation of secretion by cell","5/19","562/18723",0.000196253704774332,0.0362742364103909,0.0268523845885843,"1143/3670/8912/55638/9783",5
"GO:0044057","regulation of system process","5/19","580/18723",0.000227283693661235,0.0362742364103909,0.0268523845885843,"3670/27242/8912/255743/4884",5
"GO:0060384","innervation","2/19","23/18723",0.00024372387285817,0.0362742364103909,0.0268523845885843,"3670/4884",2
"GO:0051046","regulation of secretion","5/19","620/18723",0.000309646417769945,0.0395020358669373,0.0292417970465452,"1143/3670/8912/55638/9783",5
