"ID","Description","GeneRatio","BgRatio","pvalue","p.adjust","qvalue","geneID","Count"
"GO:0022008","neurogenesis","15/52","1632/18723",2.40839774927305e-05,0.0370013992284355,0.0315607553756162,"7408/639/9139/30812/5997/6929/6091/3949/9922/7804/5179/10611/55502/7520/5414",15
"GO:0048699","generation of neurons","14/52","1514/18723",4.54283600103567e-05,0.0370013992284355,0.0315607553756162,"7408/639/9139/30812/5997/6929/6091/3949/9922/7804/10611/55502/7520/5414",14
"GO:0003006","developmental process involved in reproduction","11/52","992/18723",7.12499370668795e-05,0.0386887158273156,0.0329999708520284,"639/8728/6752/6599/30812/5997/8549/1618/23198/3985/5414",11
