"ID","Description","GeneRatio","BgRatio","pvalue","p.adjust","qvalue","geneID","Count"
"GO:0048934","peripheral nervous system neuron differentiation","2/19","12/18723",6.40048456886726e-05,0.0247620930056526,0.0183871926847359,"4744/3670",2
"GO:0048935","peripheral nervous system neuron development","2/19","12/18723",6.40048456886726e-05,0.0247620930056526,0.0183871926847359,"4744/3670",2
"GO:0061564","axon development","5/19","467/18723",8.22660897197762e-05,0.0247620930056526,0.0183871926847359,"5015/27242/4744/3670/4884",5
