"ID","Description","GeneRatio","BgRatio","pvalue","p.adjust","qvalue","geneID","Count"
"GO:0001655","urogenital system development","7/50","338/18723",3.0107919921064e-05,0.0282394862099335,0.0243780599970354,"30812/6599/26508/639/8549/4811/59",7
"GO:0031346","positive regulation of cell projection organization","7/50","353/18723",3.96900719746078e-05,0.0282394862099335,0.0243780599970354,"5997/6091/139818/9139/7804/10602/64787",7
