"ID","Description","GeneRatio","BgRatio","pvalue","p.adjust","qvalue","geneID","Count"
"GO:0022008","neurogenesis","14/47","1632/18723",3.00483039362667e-05,0.0379225797071603,0.0307942752509271,"7408/639/9139/30812/5997/6929/6091/26508/9922/7804/5179/10611/55502/7520",14
"GO:0048699","generation of neurons","13/47","1514/18723",6.21247042434955e-05,0.0379225797071603,0.0307942752509271,"7408/639/9139/30812/5997/6929/6091/26508/9922/7804/10611/55502/7520",13
"GO:0045595","regulation of cell differentiation","13/47","1554/18723",8.12626708010577e-05,0.0379225797071603,0.0307942752509271,"55544/639/30812/5997/6929/252995/6091/26508/11173/7804/221662/55502/7520",13
"GO:0120035","regulation of plasma membrane bounded cell projection organization","8/47","628/18723",0.000151587443588235,0.0455866758618258,0.0370177518276481,"9139/5997/6091/139818/7804/10602/3985/10611",8
"GO:0031344","regulation of cell projection organization","8/47","646/18723",0.000183948929878936,0.0455866758618258,0.0370177518276481,"9139/5997/6091/139818/7804/10602/3985/10611",8
"GO:0003197","endocardial cushion development","3/47","45/18723",0.000195371467979254,0.0455866758618258,0.0370177518276481,"6091/26508/221662",3
"GO:0031346","positive regulation of cell projection organization","6/47","353/18723",0.000240781310531336,0.0481562621062672,0.0391043331389237,"9139/5997/6091/139818/7804/10602",6
"GO:0050767","regulation of neurogenesis","6/47","364/18723",0.000283893658001493,0.0496813901502613,0.0403427829791595,"30812/6091/26508/7804/55502/7520",6
