"ID","Description","GeneRatio","BgRatio","pvalue","p.adjust","qvalue","geneID","Count"
"GO:0120035","regulation of plasma membrane bounded cell projection organization","9/50","628/18723",3.71470330216202e-05,0.0172121290298763,0.0153709384774265,"5997/6091/139818/9139/7804/10602/64787/10611/3985",9
"GO:0031346","positive regulation of cell projection organization","7/50","353/18723",3.96900719746078e-05,0.0172121290298763,0.0153709384774265,"5997/6091/139818/9139/7804/10602/64787",7
"GO:0031344","regulation of cell projection organization","9/50","646/18723",4.62803642564081e-05,0.0172121290298763,0.0153709384774265,"5997/6091/139818/9139/7804/10602/64787/10611/3985",9
"GO:0003006","developmental process involved in reproduction","11/50","992/18723",4.85532553734169e-05,0.0172121290298763,0.0153709384774265,"30812/8728/6599/6752/5997/639/8549/1618/23198/5414/3985",11
"GO:0007276","gamete generation","9/50","721/18723",0.00010760805398363,0.0305176441097575,0.0272531555668015,"30812/6752/5997/639/8549/1618/23198/5414/3985",9
