"ID","Description","GeneRatio","BgRatio","pvalue","p.adjust","qvalue","geneID","Count"
"GO:0001655","urogenital system development","6/32","338/18723",2.01863644215737e-05,0.0239719450442732,0.0187465912692293,"6599/8549/30812/639/387/59",6
"GO:0006939","smooth muscle contraction","4/32","110/18723",3.57257005130748e-05,0.0239719450442732,0.0187465912692293,"6752/5997/387/59",4
