"ID","Description","GeneRatio","BgRatio","pvalue","p.adjust","qvalue","geneID","Count"
"GO:0120035","regulation of plasma membrane bounded cell projection organization","9/45","628/18723",1.52560899296958e-05,0.0108748673613217,0.00890860989224715,"9139/139818/5997/6091/387/8408/3985/10602/10611",9
"GO:0022008","neurogenesis","14/45","1632/18723",1.73279981336813e-05,0.0108748673613217,0.00890860989224715,"3949/9139/30812/7408/6929/5997/6091/387/5179/7520/8408/9922/5414/10611",14
"GO:0031344","regulation of cell projection organization","9/45","646/18723",1.90898783405296e-05,0.0108748673613217,0.00890860989224715,"9139/139818/5997/6091/387/8408/3985/10602/10611",9
"GO:0048699","generation of neurons","13/45","1514/18723",3.75542881994039e-05,0.0160450696331953,0.0131440008697914,"3949/9139/30812/7408/6929/5997/6091/387/7520/8408/9922/5414/10611",13
"GO:0120036","plasma membrane bounded cell projection organization","12/45","1478/18723",0.000138321147444709,0.0433159228682731,0.0354840795878188,"9139/7408/139818/5997/7410/6091/387/8408/3985/10602/9922/10611",12
"GO:0051130","positive regulation of cellular component organization","10/45","1047/18723",0.000152074626804938,0.0433159228682731,0.0354840795878188,"9139/7408/139818/5997/6091/387/7520/8408/10602/9922",10
"GO:0030030","cell projection organization","12/45","1522/18723",0.000182546021842107,0.0445673073325943,0.0365092043684214,"9139/7408/139818/5997/7410/6091/387/8408/3985/10602/9922/10611",12
