"ID","Description","GeneRatio","BgRatio","pvalue","p.adjust","qvalue","geneID","Count"
"GO:0022008","neurogenesis","16/58","1632/18723",2.411232324214e-05,0.0315143030200333,0.0265500479131597,"3949/9139/30812/7408/6929/639/5997/6091/5179/7520/8408/9922/5414/10611/55502/7832",16
"GO:0048699","generation of neurons","15/58","1514/18723",4.10773153247545e-05,0.0315143030200333,0.0265500479131597,"3949/9139/30812/7408/6929/639/5997/6091/7520/8408/9922/5414/10611/55502/7832",15
"GO:0045595","regulation of cell differentiation","15/58","1554/18723",5.55155073752789e-05,0.0315143030200333,0.0265500479131597,"252995/3949/30812/6929/639/55544/5997/6091/11173/7520/8408/221662/5613/55502/4254",15
