"ID","Description","GeneRatio","BgRatio","pvalue","p.adjust","qvalue","geneID","Count"
"GO:0022008","neurogenesis","13/36","1632/18723",5.45394501082263e-06,0.00709012851406942,0.00562043385852143,"9139/30812/7408/6929/639/5997/6091/5179/7520/8408/9922/5414/10611",13
"GO:0048699","generation of neurons","12/36","1514/18723",1.49641975150823e-05,0.00972672838480352,0.0077104996669819,"9139/30812/7408/6929/639/5997/6091/7520/8408/9922/5414/10611",12
"GO:0051130","positive regulation of cellular component organization","9/36","1047/18723",0.000123447235575295,0.0425820290181411,0.0337553088330041,"9139/7408/139818/5997/6091/7520/8408/10602/9922",9
"GO:0120035","regulation of plasma membrane bounded cell projection organization","7/36","628/18723",0.000165150996488875,0.0425820290181411,0.0337553088330041,"9139/139818/5997/6091/8408/10602/10611",7
"GO:0030182","neuron differentiation","10/36","1363/18723",0.000178298393582534,0.0425820290181411,0.0337553088330041,"9139/30812/7408/6929/639/5997/6091/8408/9922/10611",10
"GO:0031344","regulation of cell projection organization","7/36","646/18723",0.00019653244162219,0.0425820290181411,0.0337553088330041,"9139/139818/5997/6091/8408/10602/10611",7
