"ID","Description","GeneRatio","BgRatio","pvalue","p.adjust","qvalue","geneID","Count"
"GO:0003006","developmental process involved in reproduction","11/48","992/18723",3.23668147203852e-05,0.0465758463826343,0.0405096238974084,"6599/6752/8549/639/8728/5997/30812/1618/3985/23198/5414",11
