"ID","Description","GeneRatio","BgRatio","pvalue","p.adjust","qvalue","geneID","Count"
"GO:0022008","neurogenesis","14/46","1632/18723",2.2923814142811e-05,0.0371136550972111,0.0305972592979836,"6929/30812/7408/639/6091/9139/5997/387/9922/10611/5179/7520/5414/55502",14
"GO:0048699","generation of neurons","13/46","1514/18723",4.85026449312071e-05,0.0392628910718122,0.0323691335646161,"6929/30812/7408/639/6091/9139/5997/387/9922/10611/7520/5414/55502",13
