"ID","Description","GeneRatio","BgRatio","pvalue","p.adjust","qvalue","geneID","Count"
"GO:0120035","regulation of plasma membrane bounded cell projection organization","8/37","628/18723",2.50022558193096e-05,0.0188194336488243,0.0154936201713042,"9139/5997/139818/6091/3985/10611/10602/64787",8
"GO:0031344","regulation of cell projection organization","8/37","646/18723",3.06007051200395e-05,0.0188194336488243,0.0154936201713042,"9139/5997/139818/6091/3985/10611/10602/64787",8
"GO:0031346","positive regulation of cell projection organization","6/37","353/18723",6.10796630582812e-05,0.0250426618538953,0.0206170652147602,"9139/5997/139818/6091/10602/64787",6
"GO:0003006","developmental process involved in reproduction","9/37","992/18723",0.00010283815204273,0.0316227317531394,0.0260342900697647,"639/6752/6599/30812/5997/8728/23198/1618/3985",9
