"ID","Description","GeneRatio","BgRatio","pvalue","p.adjust","qvalue","geneID","Count"
"GO:0120035","regulation of plasma membrane bounded cell projection organization","10/50","628/18723",5.12967275785318e-06,0.00582941069535356,0.00485841939264646,"9139/139818/5997/6091/7804/64787/5580/3985/8408/10611",10
"GO:0031344","regulation of cell projection organization","10/50","646/18723",6.5794703107828e-06,0.00582941069535356,0.00485841939264646,"9139/139818/5997/6091/7804/64787/5580/3985/8408/10611",10
"GO:0048699","generation of neurons","14/50","1514/18723",2.80755153107558e-05,0.0165832710435531,0.0138210343792949,"7408/9139/6929/30812/639/5997/6091/3949/26508/7804/9922/5414/8408/10611",14
"GO:0022008","neurogenesis","14/50","1632/18723",6.43189109795391e-05,0.0284932775639358,0.023747218974814,"7408/9139/6929/30812/639/5997/6091/3949/26508/7804/9922/5414/8408/10611",14
"GO:0120036","plasma membrane bounded cell projection organization","13/50","1478/18723",9.76947690790352e-05,0.0346230261616101,0.0288559496879761,"7408/9139/139818/5997/6091/7804/64787/7410/9922/5580/3985/8408/10611",13
"GO:0030030","cell projection organization","13/50","1522/18723",0.0001315079217353,0.0388386728858253,0.0323694059990572,"7408/9139/139818/5997/6091/7804/64787/7410/9922/5580/3985/8408/10611",13
"GO:0030182","neuron differentiation","12/50","1363/18723",0.000191026213298706,0.0483569214236152,0.0403022221440728,"7408/9139/6929/30812/639/5997/6091/26508/7804/9922/8408/10611",12
