"ID","Description","GeneRatio","BgRatio","pvalue","p.adjust","qvalue","geneID","Count"
"GO:0043086","negative regulation of catalytic activity","7/27","791/18723",9.89556658410343e-05,0.0471792976817183,0.0348097478217835,"1050/8826/308/10105/56882/1266/3164",7
"GO:0032780","negative regulation of ATPase activity","2/27","12/18723",0.000131004591130728,0.0471792976817183,0.0348097478217835,"10105/1266",2
"GO:0009888","tissue development","10/27","1870/18723",0.000164852777496584,0.0471792976817183,0.0348097478217835,"22856/3688/5396/9686/8826/4880/11149/1266/3164/7296",10
"GO:0031032","actomyosin structure organization","4/27","196/18723",0.000169254402064566,0.0471792976817183,0.0348097478217835,"4627/10163/3688/1266",4
"GO:0072359","circulatory system development","8/27","1179/18723",0.000182300222881446,0.0471792976817183,0.0348097478217835,"4627/10163/3688/5396/9686/8879/11149/3164",8
