"ID","Description","GeneRatio","BgRatio","pvalue","p.adjust","qvalue","geneID","Count"
"GO:0022008","neurogenesis","15/55","1632/18723",4.98136669594231e-05,0.0306048975074649,0.0259379714158411,"6091/7408/30812/9139/6929/639/5997/7804/26508/9922/5179/10611/55502/5414/7520",15
"GO:0031346","positive regulation of cell projection organization","7/55","353/18723",7.43849917855613e-05,0.0306048975074649,0.0259379714158411,"6091/9139/5997/7804/139818/10602/64787",7
"GO:0120035","regulation of plasma membrane bounded cell projection organization","9/55","628/18723",8.12100789330082e-05,0.0306048975074649,0.0259379714158411,"6091/9139/5997/7804/139818/10602/64787/10611/3985",9
"GO:0048699","generation of neurons","14/55","1514/18723",8.88565399373832e-05,0.0306048975074649,0.0259379714158411,"6091/7408/30812/9139/6929/639/5997/7804/26508/9922/10611/55502/5414/7520",14
"GO:0031344","regulation of cell projection organization","9/55","646/18723",0.000100740281459726,0.0306048975074649,0.0259379714158411,"6091/9139/5997/7804/139818/10602/64787/10611/3985",9
"GO:0003006","developmental process involved in reproduction","11/55","992/18723",0.000122030876001887,0.030894150107811,0.0261831160263697,"8728/6599/30812/6752/639/8549/5997/1618/23198/3985/5414",11
"GO:0051130","positive regulation of cellular component organization","11/55","1047/18723",0.000196038440894898,0.0425403416741929,0.0360533854457835,"6091/7408/9139/5997/7804/139818/10602/9922/64787/80351/7520",11
"GO:0007276","gamete generation","9/55","721/18723",0.000230052162332847,0.0436811543229492,0.0370202361227725,"30812/6752/639/8549/5997/1618/23198/3985/5414",9
