"ID","Description","GeneRatio","BgRatio","pvalue","p.adjust","qvalue","geneID","Count"
"GO:0051130","positive regulation of cellular component organization","10/39","1047/18723",4.11399644973795e-05,0.0391962946700837,0.0305656505418658,"6091/7408/9139/5997/139818/10602/10105/5795/9922/64787",10
"GO:0007264","small GTPase mediated signal transduction","7/39","502/18723",6.9805576212799e-05,0.0391962946700837,0.0305656505418658,"6091/7410/139818/10602/388/9922/64787",7
"GO:0031346","positive regulation of cell projection organization","6/39","353/18723",8.30429971823808e-05,0.0391962946700837,0.0305656505418658,"6091/9139/5997/139818/10602/64787",6
