"ID","Description","GeneRatio","BgRatio","pvalue","p.adjust","qvalue","geneID","Count"
"GO:0030182","neuron differentiation","9/22","1363/18723",1.16574507671511e-05,0.00781038820415298,0.00582611071026053,"4744/5015/66008/3670/27242/92211/639/3714/7804",9
"GO:0048666","neuron development","8/22","1104/18723",2.1656917492978e-05,0.00781038820415298,0.00582611071026053,"4744/5015/66008/3670/27242/92211/639/7804",8
"GO:0048699","generation of neurons","9/22","1514/18723",2.72164687869957e-05,0.00781038820415298,0.00582611071026053,"4744/5015/66008/3670/27242/92211/639/3714/7804",9
"GO:0048667","cell morphogenesis involved in neuron differentiation","6/22","544/18723",2.9362361669748e-05,0.00781038820415298,0.00582611071026053,"4744/5015/66008/3670/92211/7804",6
"GO:0022008","neurogenesis","9/22","1632/18723",4.95071899085102e-05,0.010535130012531,0.00785861498758247,"4744/5015/66008/3670/27242/92211/639/3714/7804",9
"GO:0048934","peripheral nervous system neuron differentiation","2/22","12/18723",8.63703569883646e-05,0.0131282942622314,0.00979296979988375,"4744/3670",2
"GO:0048935","peripheral nervous system neuron development","2/22","12/18723",8.63703569883646e-05,0.0131282942622314,0.00979296979988375,"4744/3670",2
"GO:0000904","cell morphogenesis involved in differentiation","6/22","694/18723",0.000113842334496085,0.0151410304879792,0.0112943579223747,"4744/5015/66008/3670/92211/7804",6
"GO:0061564","axon development","5/22","467/18723",0.00017514196473174,0.0207056722749524,0.0154452680009043,"4744/5015/66008/3670/27242",5
