"ID","Description","GeneRatio","BgRatio","pvalue","p.adjust","qvalue","geneID","Count"
"GO:0007155","cell adhesion","10/28","1492/18723",3.45991269521765e-05,0.0250926488282045,0.0186580771881613,"388/4627/8763/54751/3688/7094/8826/976/1832/6541",10
"GO:0022610","biological adhesion","10/28","1499/18723",3.60267750584415e-05,0.0250926488282045,0.0186580771881613,"388/4627/8763/54751/3688/7094/8826/976/1832/6541",10
