"ID","Description","GeneRatio","BgRatio","pvalue","p.adjust","qvalue","geneID","Count"
"GO:0001655","urogenital system development","6/35","338/18723",3.45457570485565e-05,0.0421086293246804,0.0331782788111711,"30812/6599/26508/639/8549/4811",6
"GO:0048699","generation of neurons","11/35","1514/18723",6.29779417334874e-05,0.0421086293246804,0.0331782788111711,"30812/3949/7408/5997/26508/639/6091/6929/9139/8408/9922",11
"GO:0022008","neurogenesis","11/35","1632/18723",0.000124351684385509,0.0421086293246804,0.0331782788111711,"30812/3949/7408/5997/26508/639/6091/6929/9139/8408/9922",11
"GO:0030182","neuron differentiation","10/35","1363/18723",0.000137681903218148,0.0421086293246804,0.0331782788111711,"30812/7408/5997/26508/639/6091/6929/9139/8408/9922",10
"GO:0035295","tube development","9/35","1113/18723",0.000155267807244397,0.0421086293246804,0.0331782788111711,"30812/3949/7408/26508/7410/639/6091/9139/8549",9
"GO:0072001","renal system development","5/35","302/18723",0.00023056040280752,0.0467682885107665,0.0368497227436951,"30812/26508/639/8549/4811",5
"GO:0003170","heart valve development","3/35","65/18723",0.000241429217975933,0.0467682885107665,0.0368497227436951,"26508/639/6091",3
