"ID","Description","GeneRatio","BgRatio","pvalue","p.adjust","qvalue","geneID","Count"
"GO:0003006","developmental process involved in reproduction","10/39","992/18723",2.59292543437862e-05,0.0414090191870265,0.0333805032236321,"6599/8728/30812/5997/6752/639/23198/8549/3985/1618",10
