"ID","Description","GeneRatio","BgRatio","pvalue","p.adjust","qvalue","geneID","Count"
"GO:0007155","cell adhesion","9/21","1492/18723",1.53878290716312e-05,0.00877450211588522,0.00659496659846037,"388/4627/8763/54751/3688/8826/4811/976/1832",9
"GO:0022610","biological adhesion","9/21","1499/18723",1.59826996646361e-05,0.00877450211588522,0.00659496659846037,"388/4627/8763/54751/3688/8826/4811/976/1832",9
"GO:0032970","regulation of actin filament-based process","5/21","397/18723",6.42636874434412e-05,0.0235205096042995,0.0176781512125115,"388/4627/8826/10163/1832",5
