"ID","Description","GeneRatio","BgRatio","pvalue","p.adjust","qvalue","geneID","Count"
"GO:0120035","regulation of plasma membrane bounded cell projection organization","9/44","628/18723",1.25754553269774e-05,0.0116466277197438,0.00954906596430364,"9139/5997/139818/6091/387/3985/10611/10602/64787",9
"GO:0031344","regulation of cell projection organization","9/44","646/18723",1.57493275452925e-05,0.0116466277197438,0.00954906596430364,"9139/5997/139818/6091/387/3985/10611/10602/64787",9
