"ID","Description","GeneRatio","BgRatio","pvalue","p.adjust","qvalue","geneID","Count"
"GO:0120035","regulation of plasma membrane bounded cell projection organization","9/49","628/18723",3.13839081741421e-05,0.0184061203071607,0.0157498004344163,"9139/5997/139818/6091/7804/3985/10611/10602/64787",9
"GO:0031346","positive regulation of cell projection organization","7/49","353/18723",3.46891581966826e-05,0.0184061203071607,0.0157498004344163,"9139/5997/139818/6091/7804/10602/64787",7
"GO:0031344","regulation of cell projection organization","9/49","646/18723",3.91342033461958e-05,0.0184061203071607,0.0157498004344163,"9139/5997/139818/6091/7804/3985/10611/10602/64787",9
