"ID","Description","GeneRatio","BgRatio","pvalue","p.adjust","qvalue","geneID","Count"
"GO:0120035","regulation of plasma membrane bounded cell projection organization","9/44","628/18723",1.25754553269774e-05,0.012063984899694,0.0102950867427649,"9139/139818/5997/6091/64787/5580/3985/10611/1902",9
"GO:0031344","regulation of cell projection organization","9/44","646/18723",1.57493275452925e-05,0.012063984899694,0.0102950867427649,"9139/139818/5997/6091/64787/5580/3985/10611/1902",9
