"ID","Description","GeneRatio","BgRatio","pvalue","p.adjust","qvalue","geneID","Count"
"GO:0003006","developmental process involved in reproduction","11/47","992/18723",2.61922916171256e-05,0.0391574759676027,0.0330574291041406,"639/8728/6752/6599/30812/5997/1618/23198/3985/5414/595",11
