"ID","Description","GeneRatio","BgRatio","pvalue","p.adjust","qvalue","geneID","Count"
"GO:0003006","developmental process involved in reproduction","12/50","992/18723",8.56804471548397e-06,0.0128520670732259,0.0111114011468171,"639/6752/6599/30812/5997/8728/8549/23198/5414/1618/3985/4254",12
