"ID","Description","GeneRatio","BgRatio","pvalue","p.adjust","qvalue","geneID","Count"
"GO:0003006","developmental process involved in reproduction","10/44","992/18723",7.95134919191285e-05,0.043729804090843,0.0350911810028006,"6599/5997/8728/30812/6752/23198/8549/639/3985/1618",10
"GO:0120035","regulation of plasma membrane bounded cell projection organization","8/44","628/18723",9.33360581401654e-05,0.043729804090843,0.0350911810028006,"9139/5997/139818/6091/7804/3985/10602/10611",8
"GO:0031344","regulation of cell projection organization","8/44","646/18723",0.000113552067834063,0.043729804090843,0.0350911810028006,"9139/5997/139818/6091/7804/3985/10602/10611",8
"GO:0003197","endocardial cushion development","3/44","45/18723",0.000160380297391451,0.043729804090843,0.0350911810028006,"6091/26508/221662",3
"GO:0031346","positive regulation of cell projection organization","6/44","353/18723",0.000165988464532456,0.043729804090843,0.0350911810028006,"9139/5997/139818/6091/7804/10602",6
"GO:0030182","neuron differentiation","11/44","1363/18723",0.000238670363394826,0.043729804090843,0.0350911810028006,"9139/6929/5997/30812/7408/6091/7804/639/26508/10611/9922",11
"GO:0007276","gamete generation","8/44","721/18723",0.000241072110901898,0.043729804090843,0.0350911810028006,"5997/30812/6752/23198/8549/639/3985/1618",8
"GO:0014706","striated muscle tissue development","6/44","384/18723",0.000261463701589494,0.043729804090843,0.0350911810028006,"5997/30812/9686/26508/221662/10611",6
