"ID","Description","GeneRatio","BgRatio","pvalue","p.adjust","qvalue","geneID","Count"
"GO:0030182","neuron differentiation","9/28","1363/18723",0.000108570326841275,0.0442599158821963,0.034089794004259,"7408/9139/6929/30812/639/5997/6091/26508/9922",9
"GO:0003170","heart valve development","3/28","65/18723",0.000122958457184559,0.0442599158821963,0.034089794004259,"639/6091/26508",3
"GO:0031346","positive regulation of cell projection organization","5/28","353/18723",0.000159252572633607,0.0442599158821963,0.034089794004259,"9139/139818/5997/6091/64787",5
"GO:0003281","ventricular septum development","3/28","71/18723",0.000159927428661956,0.0442599158821963,0.034089794004259,"639/6091/26508",3
