"ID","Description","GeneRatio","BgRatio","pvalue","p.adjust","qvalue","geneID","Count"
"GO:0031346","positive regulation of cell projection organization","6/28","353/18723",1.14200428238507e-05,0.0125963072347073,0.0101818697597911,"9139/5997/139818/6091/7804/10602",6
"GO:0120035","regulation of plasma membrane bounded cell projection organization","7/28","628/18723",2.95717746493048e-05,0.0130262728530806,0.01052942034314,"9139/5997/139818/6091/7804/10602/3985",7
"GO:0031344","regulation of cell projection organization","7/28","646/18723",3.54295725831747e-05,0.0130262728530806,0.01052942034314,"9139/5997/139818/6091/7804/10602/3985",7
"GO:0051130","positive regulation of cellular component organization","8/28","1047/18723",0.00010597937923724,0.0292238138246688,0.0236222458457742,"9139/7408/5997/139818/6091/7804/10602/9922",8
"GO:0120036","plasma membrane bounded cell projection organization","9/28","1478/18723",0.000201834475151882,0.0445246852185052,0.0359902737797146,"9139/7408/5997/139818/6091/7804/10602/3985/9922",9
"GO:0030030","cell projection organization","9/28","1522/18723",0.000252034520776084,0.0463323460693368,0.0374514454556743,"9139/7408/5997/139818/6091/7804/10602/3985/9922",9
