"ID","Description","GeneRatio","BgRatio","pvalue","p.adjust","qvalue","geneID","Count"
"GO:0022008","neurogenesis","15/49","1632/18723",1.08745812787287e-05,0.0173232079770148,0.0144345757815546,"7408/639/9139/30812/5997/6929/6091/3949/9922/7804/5179/10611/55502/7520/5414",15
"GO:0048699","generation of neurons","14/49","1514/18723",2.18262190876425e-05,0.0173845835033072,0.0144857169839564,"7408/639/9139/30812/5997/6929/6091/3949/9922/7804/10611/55502/7520/5414",14
"GO:0003006","developmental process involved in reproduction","11/49","992/18723",3.97565090286718e-05,0.0211107062942247,0.0175905115386509,"639/8728/6752/6599/30812/5997/8549/1618/23198/3985/5414",11
"GO:0007276","gamete generation","9/49","721/18723",9.13216808150702e-05,0.0363688593846017,0.030304378817843,"639/6752/30812/5997/8549/1618/23198/3985/5414",9
"GO:0045595","regulation of cell differentiation","13/49","1554/18723",0.000129711617790466,0.0413261214280424,0.0344350210597426,"55544/639/30812/5997/6929/252995/6091/11173/3949/7804/221662/55502/7520",13
