"ID","Description","GeneRatio","BgRatio","pvalue","p.adjust","qvalue","geneID","Count"
"GO:0048934","peripheral nervous system neuron differentiation","2/20","12/18723",7.10911721293354e-05,0.0320621186303303,0.0249567430580351,"4744/3670",2
"GO:0048935","peripheral nervous system neuron development","2/20","12/18723",7.10911721293354e-05,0.0320621186303303,0.0249567430580351,"4744/3670",2
"GO:0008015","blood circulation","5/20","512/18723",0.000165415100398314,0.0395866563849144,0.030813747005179,"3670/8912/2784/2982/59",5
"GO:0006939","smooth muscle contraction","3/20","110/18723",0.000209139316509134,0.0395866563849144,0.030813747005179,"255743/2982/59",3
"GO:0048667","cell morphogenesis involved in neuron differentiation","5/20","544/18723",0.000219438228297751,0.0395866563849144,0.030813747005179,"4744/5015/92211/3670/66008",5
