"ID","Description","GeneRatio","BgRatio","pvalue","p.adjust","qvalue","geneID","Count"
"GO:0003006","developmental process involved in reproduction","10/43","992/18723",6.44753918238134e-05,0.044628704160752,0.0379046595085673,"639/6752/6599/30812/5997/8728/8549/23198/1618/3985",10
"GO:0120035","regulation of plasma membrane bounded cell projection organization","8/43","628/18723",7.86523121741311e-05,0.044628704160752,0.0379046595085673,"9139/5997/139818/6091/7804/3985/10611/10602",8
"GO:0031344","regulation of cell projection organization","8/43","646/18723",9.57697514179226e-05,0.044628704160752,0.0379046595085673,"9139/5997/139818/6091/7804/3985/10611/10602",8
