"ID","Description","GeneRatio","BgRatio","pvalue","p.adjust","qvalue","geneID","Count"
"GO:0048934","peripheral nervous system neuron differentiation","2/21","12/18723",7.85464748336753e-05,0.0385663191433346,0.0300543616863589,"3670/4744",2
"GO:0048935","peripheral nervous system neuron development","2/21","12/18723",7.85464748336753e-05,0.0385663191433346,0.0300543616863589,"3670/4744",2
"GO:0061564","axon development","5/21","467/18723",0.000138152427807267,0.0452218947022453,0.0352409877248712,"3670/5015/4744/27242/66008",5
