"ID","Description","GeneRatio","BgRatio","pvalue","p.adjust","qvalue","geneID","Count"
"GO:0120035","regulation of plasma membrane bounded cell projection organization","10/57","628/18723",1.74589979321825e-05,0.0204198473447416,0.0165279819896346,"9139/5997/6091/139818/387/7804/10602/3985/10611/8408",10
"GO:0031344","regulation of cell projection organization","10/57","646/18723",2.22559644084378e-05,0.0204198473447416,0.0165279819896346,"9139/5997/6091/139818/387/7804/10602/3985/10611/8408",10
