"ID","Description","GeneRatio","BgRatio","pvalue","p.adjust","qvalue","geneID","Count"
"GO:0001655","urogenital system development","5/20","338/18723",2.30909771901867e-05,0.0179416892767751,0.0132712353114126,"639/6599/30812/4811/59",5
"GO:0006939","smooth muscle contraction","3/20","110/18723",0.000209139316509134,0.0420515468182052,0.0311049848441916,"6752/5997/59",3
"GO:0001822","kidney development","4/20","293/18723",0.000233576625888059,0.0420515468182052,0.0311049848441916,"639/30812/4811/59",4
"GO:0072001","renal system development","4/20","302/18723",0.00026216120096792,0.0420515468182052,0.0311049848441916,"639/30812/4811/59",4
"GO:0060575","intestinal epithelial cell differentiation","2/20","23/18723",0.000270601974377125,0.0420515468182052,0.0311049848441916,"639/9139",2
"GO:0072006","nephron development","3/20","142/18723",0.00044295915604205,0.0427185360238119,0.0315983481257215,"30812/4811/59",3
"GO:0003006","developmental process involved in reproduction","6/20","992/18723",0.000444487542319226,0.0427185360238119,0.0315983481257215,"639/6752/6599/30812/5997/8728",6
"GO:0055022","negative regulation of cardiac muscle tissue growth","2/20","31/18723",0.000494809297573111,0.0427185360238119,0.0315983481257215,"5997/9686",2
"GO:0061117","negative regulation of heart growth","2/20","31/18723",0.000494809297573111,0.0427185360238119,0.0315983481257215,"5997/9686",2
