"ID","Description","GeneRatio","BgRatio","pvalue","p.adjust","qvalue","geneID","Count"
"GO:0120035","regulation of plasma membrane bounded cell projection organization","8/40","628/18723",4.55763093210369e-05,0.0346903375106958,0.028609681971848,"9139/5997/139818/6091/7804/10602/3985/10611",8
"GO:0031344","regulation of cell projection organization","8/40","646/18723",5.56380713884455e-05,0.0346903375106958,0.028609681971848,"9139/5997/139818/6091/7804/10602/3985/10611",8
"GO:0031346","positive regulation of cell projection organization","6/40","353/18723",9.61609098610374e-05,0.0399708848655712,0.0329646347137661,"9139/5997/139818/6091/7804/10602",6
