"ID","Description","GeneRatio","BgRatio","pvalue","p.adjust","qvalue","geneID","Count"
"GO:0003170","heart valve development","3/26","65/18723",9.80712607805927e-05,0.0450493808462972,0.0337629672065087,"639/6091/26508",3
"GO:0031346","positive regulation of cell projection organization","5/26","353/18723",0.000109939636829268,0.0450493808462972,0.0337629672065087,"9139/139818/5997/6091/64787",5
"GO:0003281","ventricular septum development","3/26","71/18723",0.000127618642624071,0.0450493808462972,0.0337629672065087,"639/6091/26508",3
