"ID","Description","GeneRatio","BgRatio","pvalue","p.adjust","qvalue","geneID","Count"
"GO:0003006","developmental process involved in reproduction","12/55","992/18723",2.42413759892844e-05,0.0378650292952623,0.0324579265877577,"639/6752/6599/30812/5997/8728/8549/23198/5414/1618/3985/4254",12
"GO:0031346","positive regulation of cell projection organization","7/55","353/18723",7.43849917855613e-05,0.0393390799100232,0.0337214836886242,"9139/5997/139818/6091/7804/10602/64787",7
"GO:0120035","regulation of plasma membrane bounded cell projection organization","9/55","628/18723",8.12100789330082e-05,0.0393390799100232,0.0337214836886242,"9139/5997/139818/6091/7804/3985/10611/10602/64787",9
"GO:0031344","regulation of cell projection organization","9/55","646/18723",0.000100740281459726,0.0393390799100232,0.0337214836886242,"9139/5997/139818/6091/7804/3985/10611/10602/64787",9
