"ID","Description","GeneRatio","BgRatio","pvalue","p.adjust","qvalue","geneID","Count"
"GO:0022008","neurogenesis","15/53","1632/18723",3.09054754119073e-05,0.0463954150198341,0.0398211659279548,"7408/639/9139/30812/5997/6929/6091/3949/9922/7804/5179/10611/55502/7520/5414",15
"GO:0048699","generation of neurons","14/53","1514/18723",5.7183148813449e-05,0.0463954150198341,0.0398211659279548,"7408/639/9139/30812/5997/6929/6091/3949/9922/7804/10611/55502/7520/5414",14
"GO:0003006","developmental process involved in reproduction","11/53","992/18723",8.56530738827707e-05,0.0463954150198341,0.0398211659279548,"639/8728/6752/6599/30812/5997/8549/1618/23198/3985/5414",11
