"ID","Description","GeneRatio","BgRatio","pvalue","p.adjust","qvalue","geneID","Count"
"GO:0022008","neurogenesis","14/44","1632/18723",1.29713525098793e-05,0.0179912659312025,0.0152106175747426,"7408/639/9139/30812/5997/6929/6091/9922/7804/5179/10611/55502/7520/5414",14
"GO:0048699","generation of neurons","13/44","1514/18723",2.88239026939689e-05,0.0199893765182674,0.016899909263727,"7408/639/9139/30812/5997/6929/6091/9922/7804/10611/55502/7520/5414",13
"GO:0120035","regulation of plasma membrane bounded cell projection organization","8/44","628/18723",9.33360581401654e-05,0.0393741795214612,0.0332886851492489,"9139/5997/6091/139818/7804/10602/3985/10611",8
"GO:0031344","regulation of cell projection organization","8/44","646/18723",0.000113552067834063,0.0393741795214612,0.0332886851492489,"9139/5997/6091/139818/7804/10602/3985/10611",8
"GO:0031346","positive regulation of cell projection organization","6/44","353/18723",0.000165988464532456,0.0460452000613032,0.0389286630503486,"9139/5997/6091/139818/7804/10602",6
