"ID","Description","GeneRatio","BgRatio","pvalue","p.adjust","qvalue","geneID","Count"
"GO:0120035","regulation of plasma membrane bounded cell projection organization","9/52","628/18723",5.13871980352525e-05,0.0464951707224642,0.0395911129971715,"9139/139818/5997/6091/64787/8408/3985/10602/10611",9
"GO:0031344","regulation of cell projection organization","9/52","646/18723",6.39108875910161e-05,0.0464951707224642,0.0395911129971715,"9139/139818/5997/6091/64787/8408/3985/10602/10611",9
"GO:0022008","neurogenesis","14/52","1632/18723",0.000102801027955618,0.0498584985584749,0.0424550210188641,"9139/30812/7408/6929/639/5997/6091/5179/7520/8408/9922/10611/6605/55502",14
