"ID","Description","GeneRatio","BgRatio","pvalue","p.adjust","qvalue","geneID","Count"
"GO:0021700","developmental maturation","5/21","280/18723",1.20697126127654e-05,0.0149543739272163,0.0105451173353634,"1050/4880/372/231/55638",5
"GO:0048660","regulation of smooth muscle cell proliferation","4/21","180/18723",4.3511091933138e-05,0.0195787288900655,0.0138059937800045,"4880/5743/2768/231",4
"GO:0048659","smooth muscle cell proliferation","4/21","184/18723",4.74061232204975e-05,0.0195787288900655,0.0138059937800045,"4880/5743/2768/231",4
"GO:0071695","anatomical structure maturation","4/21","229/18723",0.000110784151516722,0.033095669320364,0.0233375009862811,"1050/4880/372/231",4
"GO:0033002","muscle cell proliferation","4/21","248/18723",0.00015059373728009,0.033095669320364,0.0233375009862811,"4880/5743/2768/231",4
"GO:0008285","negative regulation of cell population proliferation","6/21","778/18723",0.000160269585086509,0.033095669320364,0.0233375009862811,"1050/4880/1030/5743/2768/26136",6
