"ID","Description","GeneRatio","BgRatio","pvalue","p.adjust","qvalue","geneID","Count"
"GO:0031346","positive regulation of cell projection organization","6/38","353/18723",7.13904567302019e-05,0.0476742941110428,0.0377987713175344,"6091/9139/139818/5997/7804/64787",6
"GO:0021795","cerebral cortex cell migration","3/38","42/18723",8.3835719262015e-05,0.0476742941110428,0.0377987713175344,"6091/7804/387",3
"GO:0051130","positive regulation of cellular component organization","9/38","1047/18723",0.000193246974095046,0.0476742941110428,0.0377987713175344,"7408/6091/9139/139818/5997/7804/387/64787/9922",9
"GO:0022029","telencephalon cell migration","3/38","56/18723",0.000198503791101177,0.0476742941110428,0.0377987713175344,"6091/7804/387",3
"GO:0021885","forebrain cell migration","3/38","59/18723",0.000231822772688102,0.0476742941110428,0.0377987713175344,"6091/7804/387",3
"GO:0120035","regulation of plasma membrane bounded cell projection organization","7/38","628/18723",0.000235585916769573,0.0476742941110428,0.0377987713175344,"6091/9139/139818/5997/7804/387/64787",7
"GO:0007519","skeletal muscle tissue development","4/38","155/18723",0.000267877338901888,0.0476742941110428,0.0377987713175344,"30812/387/11149/1134",4
"GO:0031344","regulation of cell projection organization","7/38","646/18723",0.000279880675164756,0.0476742941110428,0.0377987713175344,"6091/9139/139818/5997/7804/387/64787",7
"GO:0030182","neuron differentiation","10/38","1363/18723",0.000290107266395798,0.0476742941110428,0.0377987713175344,"6929/30812/7408/639/6091/9139/5997/7804/387/9922",10
