"ID","Description","GeneRatio","BgRatio","pvalue","p.adjust","qvalue","geneID","Count"
"GO:0120035","regulation of plasma membrane bounded cell projection organization","9/49","628/18723",3.13839081741421e-05,0.0312682284736104,0.0261993192928216,"9139/5997/139818/6091/3985/64787/387/10602/10611",9
"GO:0031344","regulation of cell projection organization","9/49","646/18723",3.91342033461958e-05,0.0312682284736104,0.0261993192928216,"9139/5997/139818/6091/3985/64787/387/10602/10611",9
