"ID","Description","GeneRatio","BgRatio","pvalue","p.adjust","qvalue","geneID","Count"
"GO:0003006","developmental process involved in reproduction","11/44","992/18723",1.33458514997411e-05,0.0177499824946557,0.0154811877396997,"6599/6752/8549/639/8728/5997/30812/1618/3985/23198/5414",11
"GO:0007276","gamete generation","9/44","721/18723",3.74237947148194e-05,0.0248868234853549,0.0217058009345953,"6752/8549/639/5997/30812/1618/3985/23198/5414",9
"GO:0048609","multicellular organismal reproductive process","9/44","853/18723",0.000136413483282137,0.0459047566641409,0.0400372313762432,"6752/8549/639/5997/30812/1618/3985/23198/5414",9
"GO:0032504","multicellular organism reproduction","9/44","873/18723",0.000162505545183736,0.0459047566641409,0.0400372313762432,"6752/8549/639/5997/30812/1618/3985/23198/5414",9
"GO:0019953","sexual reproduction","9/44","880/18723",0.000172574273173462,0.0459047566641409,0.0400372313762432,"6752/8549/639/5997/30812/1618/3985/23198/5414",9
