"ID","Description","GeneRatio","BgRatio","pvalue","p.adjust","qvalue","geneID","Count"
"GO:0048934","peripheral nervous system neuron differentiation","2/20","12/18723",7.10911721293354e-05,0.026352129476667,0.0205568948221867,"4744/3670",2
"GO:0048935","peripheral nervous system neuron development","2/20","12/18723",7.10911721293354e-05,0.026352129476667,0.0205568948221867,"4744/3670",2
"GO:0048666","neuron development","7/20","1104/18723",9.5516097447568e-05,0.026352129476667,0.0205568948221867,"5015/92211/639/27242/4744/3670/66008",7
"GO:0061564","axon development","5/20","467/18723",0.000107450069221884,0.026352129476667,0.0205568948221867,"5015/27242/4744/3670/66008",5
"GO:0048667","cell morphogenesis involved in neuron differentiation","5/20","544/18723",0.000219438228297751,0.0430537803920188,0.0335855983099927,"5015/92211/4744/3670/66008",5
