"ID","Description","GeneRatio","BgRatio","pvalue","p.adjust","qvalue","geneID","Count"
"GO:0014706","striated muscle tissue development","8/60","384/18723",2.93416153296487e-05,0.0346558432242581,0.0302584677682221,"30812/5997/9686/221662/26508/1832/1134/10611",8
"GO:0060537","muscle tissue development","8/60","403/18723",4.13307611499799e-05,0.0346558432242581,0.0302584677682221,"30812/5997/9686/221662/26508/1832/1134/10611",8
