"ID","Description","GeneRatio","BgRatio","pvalue","p.adjust","qvalue","geneID","Count"
"GO:0120035","regulation of plasma membrane bounded cell projection organization","7/30","628/18723",4.79632969669724e-05,0.0367434754838881,0.0278984110662826,"9139/5997/139818/6091/387/3985/10611",7
"GO:0031344","regulation of cell projection organization","7/30","646/18723",5.73668625821829e-05,0.0367434754838881,0.0278984110662826,"9139/5997/139818/6091/387/3985/10611",7
