"ID","Description","GeneRatio","BgRatio","pvalue","p.adjust","qvalue","geneID","Count"
"GO:0022008","neurogenesis","14/44","1632/18723",1.29713525098793e-05,0.0182377216288902,0.0156338932882229,"6929/9139/7408/639/5997/30812/6091/9922/55502/10611/8408/7520/5179/5414",14
"GO:0048699","generation of neurons","13/44","1514/18723",2.88239026939689e-05,0.0202632035938601,0.0173701939918918,"6929/9139/7408/639/5997/30812/6091/9922/55502/10611/8408/7520/5414",13
"GO:0003006","developmental process involved in reproduction","10/44","992/18723",7.95134919191285e-05,0.0319308414749384,0.0273720247726319,"6599/6752/8549/639/8728/5997/30812/3985/23198/5414",10
"GO:0120035","regulation of plasma membrane bounded cell projection organization","8/44","628/18723",9.33360581401654e-05,0.0319308414749384,0.0273720247726319,"9139/5997/139818/6091/10602/3985/10611/8408",8
"GO:0031344","regulation of cell projection organization","8/44","646/18723",0.000113552067834063,0.0319308414749384,0.0273720247726319,"9139/5997/139818/6091/10602/3985/10611/8408",8
